date,w_target,w_adj,w_prev,turnover,cost,port_ret,alert_level,applied_scale,width_z,stress,is_month_end,is_monday,days_since_month_end
2023-05-05,"{'510300': 0.0, '513100': 0.0, '518880': 0.0, '511260': 0.0}","{'510300': 0.0, '513100': 0.0, '518880': 0.0, '511260': 0.0}","{'510300': 0.0, '513100': 0.0, '518880': 0.0, '511260': 0.0}",0.0,0.0,0.0,green,1.0,0.0,0.0,False,False,-1
2023-05-08,"{'510300': 0.0, '513100': 0.0, '518880': 0.0, '511260': 0.0}","{'510300': 1.0, '513100': 0.0, '518880': 0.0, '511260': 0.0}","{'510300': 0.0, '513100': 0.0, '518880': 0.0, '511260': 0.0}",1.0,0.001,0.012067578439259874,yellow,0.85,0.0,0.9790051222139989,False,True,-1
2023-05-09,"{'510300': 1.0, '513100': 0.0, '518880': 0.0, '511260': 0.0}","{'510300': 1.0, '513100': 0.0, '518880': 0.0, '511260': 0.0}","{'510300': 1.0, '513100': 0.0, '518880': 0.0, '511260': 0.0}",0.0,0.0,-0.009273979862215231,green,1.0,0.0,0.0,False,False,-1
2023-05-10,"{'510300': 1.0, '513100': 0.0, '518880': 0.0, '511260': 0.0}","{'510300': 1.0, '513100': 0.0, '518880': 0.0, '511260': 0.0}","{'510300': 1.0, '513100': 0.0, '518880': 0.0, '511260': 0.0}",0.0,0.0,-0.008290986894891605,green,1.0,0.0,0.0,False,False,-1
2023-05-11,"{'510300': 1.0, '513100': 0.0, '518880': 0.0, '511260': 0.0}","{'510300': 1.0, '513100': 0.0, '518880': 0.0, '511260': 0.0}","{'510300': 1.0, '513100': 0.0, '518880': 0.0, '511260': 0.0}",0.0,0.0,-0.0013484358144553177,green,1.0,0.0,0.0,False,False,-1
2023-05-12,"{'510300': 1.0, '513100': 0.0, '518880': 0.0, '511260': 0.0}","{'510300': 1.0, '513100': 0.0, '518880': 0.0, '511260': 0.0}","{'510300': 1.0, '513100': 0.0, '518880': 0.0, '511260': 0.0}",0.0,0.0,-0.01377261679719144,green,1.0,0.0,0.0,False,False,-1
2023-05-15,"{'510300': 1.0, '513100': 0.0, '518880': 0.0, '511260': 0.0}","{'510300': 0.85, '513100': 0.15000000000000002, '518880': 0.0, '511260': 0.0}","{'510300': 1.0, '513100': 0.0, '518880': 0.0, '511260': 0.0}",0.30000000000000004,0.00030000000000000003,0.014346073511806234,yellow,0.85,0.0,0.9230093404624359,False,True,-1
2023-05-16,"{'510300': 0.85, '513100': 0.15000000000000002, '518880': 0.0, '511260': 0.0}","{'510300': 0.85, '513100': 0.15000000000000002, '518880': 0.0, '511260': 0.0}","{'510300': 0.85, '513100': 0.15000000000000002, '518880': 0.0, '511260': 0.0}",0.0,0.0,-0.0034129416930902545,green,1.0,0.0,0.0,False,False,-1
2023-05-17,"{'510300': 0.85, '513100': 0.15000000000000002, '518880': 0.0, '511260': 0.0}","{'510300': 0.85, '513100': 0.15000000000000002, '518880': 0.0, '511260': 0.0}","{'510300': 0.85, '513100': 0.15000000000000002, '518880': 0.0, '511260': 0.0}",0.0,0.0,-0.005255687740112425,green,1.0,0.0,0.0,False,False,-1
2023-05-18,"{'510300': 0.85, '513100': 0.15000000000000002, '518880': 0.0, '511260': 0.0}","{'510300': 0.85, '513100': 0.15000000000000002, '518880': 0.0, '511260': 0.0}","{'510300': 0.85, '513100': 0.15000000000000002, '518880': 0.0, '511260': 0.0}",0.0,0.0,0.0021294208342349354,green,1.0,0.0,0.0,False,False,-1
2023-05-19,"{'510300': 0.85, '513100': 0.15000000000000002, '518880': 0.0, '511260': 0.0}","{'510300': 0.85, '513100': 0.15000000000000002, '518880': 0.0, '511260': 0.0}","{'510300': 0.85, '513100': 0.15000000000000002, '518880': 0.0, '511260': 0.0}",0.0,0.0,0.0020194451325242233,green,1.0,0.0,0.0,False,False,-1
2023-05-22,"{'510300': 0.85, '513100': 0.15000000000000002, '518880': 0.0, '511260': 0.0}","{'510300': 0.85, '513100': 0.15000000000000002, '518880': 0.0, '511260': 0.0}","{'510300': 0.85, '513100': 0.15000000000000002, '518880': 0.0, '511260': 0.0}",0.0,0.0,0.0037306470821755417,green,1.0,0.0,0.007038533132694982,False,True,-1
2023-05-23,"{'510300': 0.85, '513100': 0.15000000000000002, '518880': 0.0, '511260': 0.0}","{'510300': 0.85, '513100': 0.15000000000000002, '518880': 0.0, '511260': 0.0}","{'510300': 0.85, '513100': 0.15000000000000002, '518880': 0.0, '511260': 0.0}",0.0,0.0,-0.01193195360292376,green,1.0,0.0,0.0,False,False,-1
2023-05-24,"{'510300': 0.85, '513100': 0.15000000000000002, '518880': 0.0, '511260': 0.0}","{'510300': 0.85, '513100': 0.15000000000000002, '518880': 0.0, '511260': 0.0}","{'510300': 0.85, '513100': 0.15000000000000002, '518880': 0.0, '511260': 0.0}",0.0,0.0,-0.014688878549765673,green,1.0,0.0,0.0,False,False,-1
2023-05-25,"{'510300': 0.85, '513100': 0.15000000000000002, '518880': 0.0, '511260': 0.0}","{'510300': 0.85, '513100': 0.15000000000000002, '518880': 0.0, '511260': 0.0}","{'510300': 0.85, '513100': 0.15000000000000002, '518880': 0.0, '511260': 0.0}",0.0,0.0,0.00031604061861544323,green,1.0,0.0,0.0,False,False,-1
2023-05-26,"{'510300': 0.85, '513100': 0.15000000000000002, '518880': 0.0, '511260': 0.0}","{'510300': 0.85, '513100': 0.15000000000000002, '518880': 0.0, '511260': 0.0}","{'510300': 0.85, '513100': 0.15000000000000002, '518880': 0.0, '511260': 0.0}",0.0,0.0,0.0016453180679906977,green,1.0,0.0,0.0,False,False,-1
2023-05-29,"{'510300': 0.85, '513100': 0.15000000000000002, '518880': 0.0, '511260': 0.0}","{'510300': 0.51, '513100': 0.09000000000000001, '518880': 0.4, '511260': 0.0}","{'510300': 0.85, '513100': 0.15000000000000002, '518880': 0.0, '511260': 0.0}",0.8,0.0008,0.0013385274608544463,red,0.6,0.0,0.9986112630829743,False,True,-1
2023-05-30,"{'510300': 0.51, '513100': 0.09000000000000001, '518880': 0.4, '511260': 0.0}","{'510300': 0.51, '513100': 0.09000000000000001, '518880': 0.4, '511260': 0.0}","{'510300': 0.51, '513100': 0.09000000000000001, '518880': 0.4, '511260': 0.0}",0.0,0.0,-0.00046247017939920814,green,1.0,0.0,0.0,False,False,-1
2023-05-31,"{'510300': 0.0, '513100': 1.0, '518880': 0.0, '511260': 0.0}","{'510300': 0.15000000000000002, '513100': 0.85, '518880': 0.0, '511260': 0.0}","{'510300': 0.51, '513100': 0.09000000000000001, '518880': 0.4, '511260': 0.0}",1.52,0.0015199999999999999,-0.0048027307313179115,yellow,0.85,0.0,0.9649717897254942,True,False,0
2023-06-01,"{'510300': 0.15000000000000002, '513100': 0.85, '518880': 0.0, '511260': 0.0}","{'510300': 0.15000000000000002, '513100': 0.85, '518880': 0.0, '511260': 0.0}","{'510300': 0.15000000000000002, '513100': 0.85, '518880': 0.0, '511260': 0.0}",0.0,0.0,-0.0004837267864843453,green,1.0,0.0,0.0,False,False,1
2023-06-02,"{'510300': 0.15000000000000002, '513100': 0.85, '518880': 0.0, '511260': 0.0}","{'510300': 0.15000000000000002, '513100': 0.85, '518880': 0.0, '511260': 0.0}","{'510300': 0.15000000000000002, '513100': 0.85, '518880': 0.0, '511260': 0.0}",0.0,0.0,0.012980279985698118,green,1.0,0.0,0.0,False,False,2
2023-06-05,"{'510300': 0.15000000000000002, '513100': 0.85, '518880': 0.0, '511260': 0.0}","{'510300': 0.15000000000000002, '513100': 0.85, '518880': 0.0, '511260': 0.0}","{'510300': 0.15000000000000002, '513100': 0.85, '518880': 0.0, '511260': 0.0}",0.0,0.0,0.003321225805571215,green,1.0,0.0,0.8615675915924307,False,True,5
2023-06-06,"{'510300': 0.15000000000000002, '513100': 0.85, '518880': 0.0, '511260': 0.0}","{'510300': 0.15000000000000002, '513100': 0.85, '518880': 0.0, '511260': 0.0}","{'510300': 0.15000000000000002, '513100': 0.85, '518880': 0.0, '511260': 0.0}",0.0,0.0,-0.0007457335417492497,green,1.0,0.0,0.0,False,False,6
2023-06-07,"{'510300': 0.15000000000000002, '513100': 0.85, '518880': 0.0, '511260': 0.0}","{'510300': 0.15000000000000002, '513100': 0.85, '518880': 0.0, '511260': 0.0}","{'510300': 0.15000000000000002, '513100': 0.85, '518880': 0.0, '511260': 0.0}",0.0,0.0,0.001920682476994712,green,1.0,0.0,0.0,False,False,7
2023-06-08,"{'510300': 0.15000000000000002, '513100': 0.85, '518880': 0.0, '511260': 0.0}","{'510300': 0.15000000000000002, '513100': 0.85, '518880': 0.0, '511260': 0.0}","{'510300': 0.15000000000000002, '513100': 0.85, '518880': 0.0, '511260': 0.0}",0.0,0.0,-0.016410477685928977,green,1.0,0.0,0.0,False,False,8
2023-06-09,"{'510300': 0.15000000000000002, '513100': 0.85, '518880': 0.0, '511260': 0.0}","{'510300': 0.15000000000000002, '513100': 0.85, '518880': 0.0, '511260': 0.0}","{'510300': 0.15000000000000002, '513100': 0.85, '518880': 0.0, '511260': 0.0}",0.0,0.0,0.014705563643129872,green,1.0,0.0,0.0,False,False,9
2023-06-12,"{'510300': 0.15000000000000002, '513100': 0.85, '518880': 0.0, '511260': 0.0}","{'510300': 0.15000000000000002, '513100': 0.85, '518880': 0.0, '511260': 0.0}","{'510300': 0.15000000000000002, '513100': 0.85, '518880': 0.0, '511260': 0.0}",0.0,0.0,0.009910470512189705,green,1.0,0.0,0.007610879725888174,False,True,12
2023-06-13,"{'510300': 0.15000000000000002, '513100': 0.85, '518880': 0.0, '511260': 0.0}","{'510300': 0.15000000000000002, '513100': 0.85, '518880': 0.0, '511260': 0.0}","{'510300': 0.15000000000000002, '513100': 0.85, '518880': 0.0, '511260': 0.0}",0.0,0.0,0.022087914501793215,green,1.0,0.0,0.0,False,False,13
2023-06-14,"{'510300': 0.15000000000000002, '513100': 0.85, '518880': 0.0, '511260': 0.0}","{'510300': 0.15000000000000002, '513100': 0.85, '518880': 0.0, '511260': 0.0}","{'510300': 0.15000000000000002, '513100': 0.85, '518880': 0.0, '511260': 0.0}",0.0,0.0,0.0007834101382488634,green,1.0,0.0,0.0,False,False,14
2023-06-15,"{'510300': 0.15000000000000002, '513100': 0.85, '518880': 0.0, '511260': 0.0}","{'510300': 0.15000000000000002, '513100': 0.85, '518880': 0.0, '511260': 0.0}","{'510300': 0.15000000000000002, '513100': 0.85, '518880': 0.0, '511260': 0.0}",0.0,0.0,0.0066240359907041805,green,1.0,0.0,0.0,False,False,15
2023-06-16,"{'510300': 0.15000000000000002, '513100': 0.85, '518880': 0.0, '511260': 0.0}","{'510300': 0.15000000000000002, '513100': 0.85, '518880': 0.0, '511260': 0.0}","{'510300': 0.15000000000000002, '513100': 0.85, '518880': 0.0, '511260': 0.0}",0.0,0.0,0.008527480938576425,green,1.0,0.0,0.0,False,False,16
2023-06-19,"{'510300': 0.15000000000000002, '513100': 0.85, '518880': 0.0, '511260': 0.0}","{'510300': 0.15000000000000002, '513100': 0.85, '518880': 0.0, '511260': 0.0}","{'510300': 0.15000000000000002, '513100': 0.85, '518880': 0.0, '511260': 0.0}",0.0,0.0,-0.0043074541030745485,green,1.0,0.0,0.005423850651620981,False,True,19
2023-06-20,"{'510300': 0.15000000000000002, '513100': 0.85, '518880': 0.0, '511260': 0.0}","{'510300': 0.15000000000000002, '513100': 0.85, '518880': 0.0, '511260': 0.0}","{'510300': 0.15000000000000002, '513100': 0.85, '518880': 0.0, '511260': 0.0}",0.0,0.0,-0.0010617289661059791,green,1.0,0.0,0.0,False,False,20
2023-06-21,"{'510300': 0.15000000000000002, '513100': 0.85, '518880': 0.0, '511260': 0.0}","{'510300': 0.15000000000000002, '513100': 0.85, '518880': 0.0, '511260': 0.0}","{'510300': 0.15000000000000002, '513100': 0.85, '518880': 0.0, '511260': 0.0}",0.0,0.0,0.00162841125317667,green,1.0,0.0,0.0,False,False,21
2023-06-26,"{'510300': 0.15000000000000002, '513100': 0.85, '518880': 0.0, '511260': 0.0}","{'510300': 0.15000000000000002, '513100': 0.85, '518880': 0.0, '511260': 0.0}","{'510300': 0.15000000000000002, '513100': 0.85, '518880': 0.0, '511260': 0.0}",0.0,0.0,-0.008784320891196512,green,1.0,0.0,0.011796788859914144,False,True,26
2023-06-27,"{'510300': 0.15000000000000002, '513100': 0.85, '518880': 0.0, '511260': 0.0}","{'510300': 0.15000000000000002, '513100': 0.85, '518880': 0.0, '511260': 0.0}","{'510300': 0.15000000000000002, '513100': 0.85, '518880': 0.0, '511260': 0.0}",0.0,0.0,-0.010591942906432377,green,1.0,0.0,0.0,False,False,27
2023-06-28,"{'510300': 0.15000000000000002, '513100': 0.85, '518880': 0.0, '511260': 0.0}","{'510300': 0.15000000000000002, '513100': 0.85, '518880': 0.0, '511260': 0.0}","{'510300': 0.15000000000000002, '513100': 0.85, '518880': 0.0, '511260': 0.0}",0.0,0.0,0.011393834527433656,green,1.0,0.0,0.0,False,False,28
2023-06-29,"{'510300': 0.15000000000000002, '513100': 0.85, '518880': 0.0, '511260': 0.0}","{'510300': 0.15000000000000002, '513100': 0.85, '518880': 0.0, '511260': 0.0}","{'510300': 0.15000000000000002, '513100': 0.85, '518880': 0.0, '511260': 0.0}",0.0,0.0,0.006267723102585471,green,1.0,0.0,0.0,False,False,29
2023-06-30,"{'510300': 0.0, '513100': 1.0, '518880': 0.0, '511260': 0.0}","{'510300': 0.0, '513100': 1.0, '518880': 0.0, '511260': 0.0}","{'510300': 0.15000000000000002, '513100': 0.85, '518880': 0.0, '511260': 0.0}",0.30000000000000004,0.00030000000000000003,0.0009099181073703999,green,1.0,-1.0654055531754112,0.0024500431833338844,True,False,0
2023-07-03,"{'510300': 0.0, '513100': 1.0, '518880': 0.0, '511260': 0.0}","{'510300': 0.0, '513100': 1.0, '518880': 0.0, '511260': 0.0}","{'510300': 0.0, '513100': 1.0, '518880': 0.0, '511260': 0.0}",0.0,0.0,0.016363636363636358,green,1.0,-0.8987538233100902,0.023442642031662783,False,True,3
2023-07-04,"{'510300': 0.0, '513100': 1.0, '518880': 0.0, '511260': 0.0}","{'510300': 0.0, '513100': 1.0, '518880': 0.0, '511260': 0.0}","{'510300': 0.0, '513100': 1.0, '518880': 0.0, '511260': 0.0}",0.0,0.0,-0.00536672629695889,green,1.0,0.0,0.0,False,False,4
2023-07-05,"{'510300': 0.0, '513100': 1.0, '518880': 0.0, '511260': 0.0}","{'510300': 0.0, '513100': 1.0, '518880': 0.0, '511260': 0.0}","{'510300': 0.0, '513100': 1.0, '518880': 0.0, '511260': 0.0}",0.0,0.0,-0.0017985611510791255,green,1.0,0.0,0.0,False,False,5
2023-07-06,"{'510300': 0.0, '513100': 1.0, '518880': 0.0, '511260': 0.0}","{'510300': 0.0, '513100': 1.0, '518880': 0.0, '511260': 0.0}","{'510300': 0.0, '513100': 1.0, '518880': 0.0, '511260': 0.0}",0.0,0.0,0.0009009009009008917,green,1.0,0.0,0.0,False,False,6
2023-07-07,"{'510300': 0.0, '513100': 1.0, '518880': 0.0, '511260': 0.0}","{'510300': 0.0, '513100': 1.0, '518880': 0.0, '511260': 0.0}","{'510300': 0.0, '513100': 1.0, '518880': 0.0, '511260': 0.0}",0.0,0.0,-0.004500450045004434,green,1.0,0.0,0.0,False,False,7
2023-07-10,"{'510300': 0.0, '513100': 1.0, '518880': 0.0, '511260': 0.0}","{'510300': 0.0, '513100': 1.0, '518880': 0.0, '511260': 0.0}","{'510300': 0.0, '513100': 1.0, '518880': 0.0, '511260': 0.0}",0.0,0.0,-0.009945750452079682,green,1.0,-1.0646090074194612,0.011855828249142457,False,True,10
2023-07-11,"{'510300': 0.0, '513100': 1.0, '518880': 0.0, '511260': 0.0}","{'510300': 0.0, '513100': 1.0, '518880': 0.0, '511260': 0.0}","{'510300': 0.0, '513100': 1.0, '518880': 0.0, '511260': 0.0}",0.0,0.0,0.005479452054794498,green,1.0,0.0,0.0,False,False,11
2023-07-12,"{'510300': 0.0, '513100': 1.0, '518880': 0.0, '511260': 0.0}","{'510300': 0.0, '513100': 1.0, '518880': 0.0, '511260': 0.0}","{'510300': 0.0, '513100': 1.0, '518880': 0.0, '511260': 0.0}",0.0,0.0,0.0009082652134424496,green,1.0,0.0,0.0,False,False,12
2023-07-13,"{'510300': 0.0, '513100': 1.0, '518880': 0.0, '511260': 0.0}","{'510300': 0.0, '513100': 1.0, '518880': 0.0, '511260': 0.0}","{'510300': 0.0, '513100': 1.0, '518880': 0.0, '511260': 0.0}",0.0,0.0,0.014519056261343088,green,1.0,0.0,0.0,False,False,13
2023-07-14,"{'510300': 0.0, '513100': 1.0, '518880': 0.0, '511260': 0.0}","{'510300': 0.0, '513100': 1.0, '518880': 0.0, '511260': 0.0}","{'510300': 0.0, '513100': 1.0, '518880': 0.0, '511260': 0.0}",0.0,0.0,0.007155635062611632,green,1.0,0.0,0.0,False,False,14
2023-07-17,"{'510300': 0.0, '513100': 1.0, '518880': 0.0, '511260': 0.0}","{'510300': 0.0, '513100': 1.0, '518880': 0.0, '511260': 0.0}","{'510300': 0.0, '513100': 1.0, '518880': 0.0, '511260': 0.0}",0.0,0.0,0.005328596802842034,green,1.0,-1.1095015474854575,0.009415347321472185,False,True,17
2023-07-18,"{'510300': 0.0, '513100': 1.0, '518880': 0.0, '511260': 0.0}","{'510300': 0.0, '513100': 1.0, '518880': 0.0, '511260': 0.0}","{'510300': 0.0, '513100': 1.0, '518880': 0.0, '511260': 0.0}",0.0,0.0,0.008833922261484162,green,1.0,0.0,0.0,False,False,18
2023-07-19,"{'510300': 0.0, '513100': 1.0, '518880': 0.0, '511260': 0.0}","{'510300': 0.0, '513100': 1.0, '518880': 0.0, '511260': 0.0}","{'510300': 0.0, '513100': 1.0, '518880': 0.0, '511260': 0.0}",0.0,0.0,0.01838879159369533,green,1.0,0.0,0.0,False,False,19
2023-07-20,"{'510300': 0.0, '513100': 1.0, '518880': 0.0, '511260': 0.0}","{'510300': 0.0, '513100': 1.0, '518880': 0.0, '511260': 0.0}","{'510300': 0.0, '513100': 1.0, '518880': 0.0, '511260': 0.0}",0.0,0.0,-0.013757523645743786,green,1.0,0.0,0.0,False,False,20
2023-07-21,"{'510300': 0.0, '513100': 1.0, '518880': 0.0, '511260': 0.0}","{'510300': 0.0, '513100': 1.0, '518880': 0.0, '511260': 0.0}","{'510300': 0.0, '513100': 1.0, '518880': 0.0, '511260': 0.0}",0.0,0.0,-0.016564952048823134,green,1.0,0.0,0.0,False,False,21
2023-07-24,"{'510300': 0.0, '513100': 1.0, '518880': 0.0, '511260': 0.0}","{'510300': 0.0, '513100': 1.0, '518880': 0.0, '511260': 0.0}","{'510300': 0.0, '513100': 1.0, '518880': 0.0, '511260': 0.0}",0.0,0.0,0.0035460992907800915,green,1.0,-1.0015673363401503,0.0037988289694905484,False,True,24
2023-07-25,"{'510300': 0.0, '513100': 1.0, '518880': 0.0, '511260': 0.0}","{'510300': 0.0, '513100': 1.0, '518880': 0.0, '511260': 0.0}","{'510300': 0.0, '513100': 1.0, '518880': 0.0, '511260': 0.0}",0.0,0.0,-0.0035335689045936647,green,1.0,0.0,0.0,False,False,25
2023-07-26,"{'510300': 0.0, '513100': 1.0, '518880': 0.0, '511260': 0.0}","{'510300': 0.0, '513100': 1.0, '518880': 0.0, '511260': 0.0}","{'510300': 0.0, '513100': 1.0, '518880': 0.0, '511260': 0.0}",0.0,0.0,0.0026595744680852906,green,1.0,0.0,0.0,False,False,26
2023-07-27,"{'510300': 0.0, '513100': 1.0, '518880': 0.0, '511260': 0.0}","{'510300': 0.0, '513100': 1.0, '518880': 0.0, '511260': 0.0}","{'510300': 0.0, '513100': 1.0, '518880': 0.0, '511260': 0.0}",0.0,0.0,0.008841732979663952,green,1.0,0.0,0.0,False,False,27
2023-07-28,"{'510300': 0.0, '513100': 1.0, '518880': 0.0, '511260': 0.0}","{'510300': 0.0, '513100': 1.0, '518880': 0.0, '511260': 0.0}","{'510300': 0.0, '513100': 1.0, '518880': 0.0, '511260': 0.0}",0.0,0.0,-0.00613496932515345,green,1.0,0.0,0.0,False,False,28
2023-07-31,"{'510300': 0.0, '513100': 1.0, '518880': 0.0, '511260': 0.0}","{'510300': 0.0, '513100': 1.0, '518880': 0.0, '511260': 0.0}","{'510300': 0.0, '513100': 1.0, '518880': 0.0, '511260': 0.0}",0.0,0.0,0.013227513227513255,green,1.0,-0.6313509386151409,0.011524841752455538,True,True,0
2023-08-01,"{'510300': 0.0, '513100': 1.0, '518880': 0.0, '511260': 0.0}","{'510300': 0.0, '513100': 1.0, '518880': 0.0, '511260': 0.0}","{'510300': 0.0, '513100': 1.0, '518880': 0.0, '511260': 0.0}",0.0,0.0,0.003481288076588429,green,1.0,0.0,0.0,False,False,1
2023-08-02,"{'510300': 0.0, '513100': 1.0, '518880': 0.0, '511260': 0.0}","{'510300': 0.0, '513100': 1.0, '518880': 0.0, '511260': 0.0}","{'510300': 0.0, '513100': 1.0, '518880': 0.0, '511260': 0.0}",0.0,0.0,-0.013876843018213347,green,1.0,0.0,0.0,False,False,2
2023-08-03,"{'510300': 0.0, '513100': 1.0, '518880': 0.0, '511260': 0.0}","{'510300': 0.0, '513100': 1.0, '518880': 0.0, '511260': 0.0}","{'510300': 0.0, '513100': 1.0, '518880': 0.0, '511260': 0.0}",0.0,0.0,-0.016710642040457246,green,1.0,0.0,0.0,False,False,3
2023-08-04,"{'510300': 0.0, '513100': 1.0, '518880': 0.0, '511260': 0.0}","{'510300': 0.0, '513100': 1.0, '518880': 0.0, '511260': 0.0}","{'510300': 0.0, '513100': 1.0, '518880': 0.0, '511260': 0.0}",0.0,0.0,0.008944543828264484,green,1.0,0.0,0.0,False,False,4
2023-08-07,"{'510300': 0.0, '513100': 1.0, '518880': 0.0, '511260': 0.0}","{'510300': 0.0, '513100': 1.0, '518880': 0.0, '511260': 0.0}","{'510300': 0.0, '513100': 1.0, '518880': 0.0, '511260': 0.0}",0.0,0.0,-0.008865248226950118,green,1.0,-0.5560191812626183,0.008710134032471992,False,True,7
2023-08-08,"{'510300': 0.0, '513100': 1.0, '518880': 0.0, '511260': 0.0}","{'510300': 0.0, '513100': 1.0, '518880': 0.0, '511260': 0.0}","{'510300': 0.0, '513100': 1.0, '518880': 0.0, '511260': 0.0}",0.0,0.0,0.0017889087656528524,green,1.0,0.0,0.0,False,False,8
2023-08-09,"{'510300': 0.0, '513100': 1.0, '518880': 0.0, '511260': 0.0}","{'510300': 0.0, '513100': 1.0, '518880': 0.0, '511260': 0.0}","{'510300': 0.0, '513100': 1.0, '518880': 0.0, '511260': 0.0}",0.0,0.0,-0.0008928571428572507,green,1.0,0.0,0.0,False,False,9
2023-08-10,"{'510300': 0.0, '513100': 1.0, '518880': 0.0, '511260': 0.0}","{'510300': 0.0, '513100': 1.0, '518880': 0.0, '511260': 0.0}","{'510300': 0.0, '513100': 1.0, '518880': 0.0, '511260': 0.0}",0.0,0.0,-0.00893655049151032,green,1.0,0.0,0.0,False,False,10
2023-08-11,"{'510300': 0.0, '513100': 1.0, '518880': 0.0, '511260': 0.0}","{'510300': 0.0, '513100': 1.0, '518880': 0.0, '511260': 0.0}","{'510300': 0.0, '513100': 1.0, '518880': 0.0, '511260': 0.0}",0.0,0.0,0.0009017132551849549,green,1.0,0.0,0.0,False,False,11
2023-08-14,"{'510300': 0.0, '513100': 1.0, '518880': 0.0, '511260': 0.0}","{'510300': 0.0, '513100': 1.0, '518880': 0.0, '511260': 0.0}","{'510300': 0.0, '513100': 1.0, '518880': 0.0, '511260': 0.0}",0.0,0.0,-0.006306306306306464,green,1.0,-0.5733143797337161,0.005759396669376153,False,True,14
2023-08-15,"{'510300': 0.0, '513100': 1.0, '518880': 0.0, '511260': 0.0}","{'510300': 0.0, '513100': 1.0, '518880': 0.0, '511260': 0.0}","{'510300': 0.0, '513100': 1.0, '518880': 0.0, '511260': 0.0}",0.0,0.0,0.01903898458748876,green,1.0,0.0,0.0,False,False,15
2023-08-16,"{'510300': 0.0, '513100': 1.0, '518880': 0.0, '511260': 0.0}","{'510300': 0.0, '513100': 1.0, '518880': 0.0, '511260': 0.0}","{'510300': 0.0, '513100': 1.0, '518880': 0.0, '511260': 0.0}",0.0,0.0,-0.010676156583629859,green,1.0,0.0,0.0,False,False,16
2023-08-17,"{'510300': 0.0, '513100': 1.0, '518880': 0.0, '511260': 0.0}","{'510300': 0.0, '513100': 1.0, '518880': 0.0, '511260': 0.0}","{'510300': 0.0, '513100': 1.0, '518880': 0.0, '511260': 0.0}",0.0,0.0,-0.007194244604316502,green,1.0,0.0,0.0,False,False,17
2023-08-18,"{'510300': 0.0, '513100': 1.0, '518880': 0.0, '511260': 0.0}","{'510300': 0.0, '513100': 1.0, '518880': 0.0, '511260': 0.0}","{'510300': 0.0, '513100': 1.0, '518880': 0.0, '511260': 0.0}",0.0,0.0,-0.019021739130434923,green,1.0,0.0,0.0,False,False,18
2023-08-21,"{'510300': 0.0, '513100': 1.0, '518880': 0.0, '511260': 0.0}","{'510300': 0.15000000000000002, '513100': 0.85, '518880': 0.0, '511260': 0.0}","{'510300': 0.0, '513100': 1.0, '518880': 0.0, '511260': 0.0}",0.30000000000000004,0.00030000000000000003,0.00017092002121782933,yellow,0.85,1.1601477473795088,0.9256857906273539,False,True,21
2023-08-22,"{'510300': 0.15000000000000002, '513100': 0.85, '518880': 0.0, '511260': 0.0}","{'510300': 0.15000000000000002, '513100': 0.85, '518880': 0.0, '511260': 0.0}","{'510300': 0.15000000000000002, '513100': 0.85, '518880': 0.0, '511260': 0.0}",0.0,0.0,0.015068511426418952,green,1.0,0.0,0.0,False,False,22
2023-08-23,"{'510300': 0.15000000000000002, '513100': 0.85, '518880': 0.0, '511260': 0.0}","{'510300': 0.15000000000000002, '513100': 0.85, '518880': 0.0, '511260': 0.0}","{'510300': 0.15000000000000002, '513100': 0.85, '518880': 0.0, '511260': 0.0}",0.0,0.0,-0.002328535139712107,green,1.0,0.0,0.0,False,False,23
2023-08-24,"{'510300': 0.15000000000000002, '513100': 0.85, '518880': 0.0, '511260': 0.0}","{'510300': 0.15000000000000002, '513100': 0.85, '518880': 0.0, '511260': 0.0}","{'510300': 0.15000000000000002, '513100': 0.85, '518880': 0.0, '511260': 0.0}",0.0,0.0,0.02408693159154349,green,1.0,0.0,0.0,False,False,24
2023-08-25,"{'510300': 0.15000000000000002, '513100': 0.85, '518880': 0.0, '511260': 0.0}","{'510300': 0.15000000000000002, '513100': 0.85, '518880': 0.0, '511260': 0.0}","{'510300': 0.15000000000000002, '513100': 0.85, '518880': 0.0, '511260': 0.0}",0.0,0.0,-0.032530100661212334,green,1.0,0.0,0.0,False,False,25
2023-08-28,"{'510300': 0.15000000000000002, '513100': 0.85, '518880': 0.0, '511260': 0.0}","{'510300': 0.15000000000000002, '513100': 0.85, '518880': 0.0, '511260': 0.0}","{'510300': 0.15000000000000002, '513100': 0.85, '518880': 0.0, '511260': 0.0}",0.0,0.0,0.013176259997739925,green,1.0,1.2608588013839384,0.9078474039242928,False,True,28
2023-08-29,"{'510300': 0.15000000000000002, '513100': 0.85, '518880': 0.0, '511260': 0.0}","{'510300': 0.15000000000000002, '513100': 0.85, '518880': 0.0, '511260': 0.0}","{'510300': 0.15000000000000002, '513100': 0.85, '518880': 0.0, '511260': 0.0}",0.0,0.0,0.005543132717718024,green,1.0,0.0,0.0,False,False,29
2023-08-30,"{'510300': 0.15000000000000002, '513100': 0.85, '518880': 0.0, '511260': 0.0}","{'510300': 0.15000000000000002, '513100': 0.85, '518880': 0.0, '511260': 0.0}","{'510300': 0.15000000000000002, '513100': 0.85, '518880': 0.0, '511260': 0.0}",0.0,0.0,0.018319925035252954,green,1.0,0.0,0.0,False,False,30
2023-08-31,"{'510300': 0.0, '513100': 1.0, '518880': 0.0, '511260': 0.0}","{'510300': 0.0, '513100': 1.0, '518880': 0.0, '511260': 0.0}","{'510300': 0.15000000000000002, '513100': 0.85, '518880': 0.0, '511260': 0.0}",0.30000000000000004,0.00030000000000000003,0.004405286343612147,green,1.0,-0.5464212140134256,0.005332452849492697,True,False,0
2023-09-01,"{'510300': 0.0, '513100': 1.0, '518880': 0.0, '511260': 0.0}","{'510300': 0.0, '513100': 1.0, '518880': 0.0, '511260': 0.0}","{'510300': 0.0, '513100': 1.0, '518880': 0.0, '511260': 0.0}",0.0,0.0,-0.0008771929824560321,green,1.0,0.0,0.0,False,False,1
2023-09-04,"{'510300': 0.0, '513100': 1.0, '518880': 0.0, '511260': 0.0}","{'510300': 0.4, '513100': 0.6, '518880': 0.0, '511260': 0.0}","{'510300': 0.0, '513100': 1.0, '518880': 0.0, '511260': 0.0}",0.8,0.0008,0.00805716221336894,red,0.6,1.433280109213422,0.9997272051819871,False,True,4
2023-09-05,"{'510300': 0.4, '513100': 0.6, '518880': 0.0, '511260': 0.0}","{'510300': 0.4, '513100': 0.6, '518880': 0.0, '511260': 0.0}","{'510300': 0.4, '513100': 0.6, '518880': 0.0, '511260': 0.0}",0.0,0.0,-0.003492427012567112,green,1.0,0.0,0.0,False,False,5
2023-09-06,"{'510300': 0.4, '513100': 0.6, '518880': 0.0, '511260': 0.0}","{'510300': 0.4, '513100': 0.6, '518880': 0.0, '511260': 0.0}","{'510300': 0.4, '513100': 0.6, '518880': 0.0, '511260': 0.0}",0.0,0.0,-5.540417515570461e-05,green,1.0,0.0,0.0,False,False,6
2023-09-07,"{'510300': 0.4, '513100': 0.6, '518880': 0.0, '511260': 0.0}","{'510300': 0.4, '513100': 0.6, '518880': 0.0, '511260': 0.0}","{'510300': 0.4, '513100': 0.6, '518880': 0.0, '511260': 0.0}",0.0,0.0,-0.010608395016401562,green,1.0,0.0,0.0,False,False,7
2023-09-08,"{'510300': 0.4, '513100': 0.6, '518880': 0.0, '511260': 0.0}","{'510300': 0.4, '513100': 0.6, '518880': 0.0, '511260': 0.0}","{'510300': 0.4, '513100': 0.6, '518880': 0.0, '511260': 0.0}",0.0,0.0,0.001337506520605158,green,1.0,0.0,0.0,False,False,8
2023-09-11,"{'510300': 0.4, '513100': 0.6, '518880': 0.0, '511260': 0.0}","{'510300': 0.4, '513100': 0.6, '518880': 0.0, '511260': 0.0}","{'510300': 0.4, '513100': 0.6, '518880': 0.0, '511260': 0.0}",0.0,0.0,-0.0005072779963388946,green,1.0,-0.6371536725042838,0.009281980872766432,False,True,11
2023-09-12,"{'510300': 0.4, '513100': 0.6, '518880': 0.0, '511260': 0.0}","{'510300': 0.4, '513100': 0.6, '518880': 0.0, '511260': 0.0}","{'510300': 0.4, '513100': 0.6, '518880': 0.0, '511260': 0.0}",0.0,0.0,0.0031414321265319507,green,1.0,0.0,0.0,False,False,12
2023-09-13,"{'510300': 0.4, '513100': 0.6, '518880': 0.0, '511260': 0.0}","{'510300': 0.4, '513100': 0.6, '518880': 0.0, '511260': 0.0}","{'510300': 0.4, '513100': 0.6, '518880': 0.0, '511260': 0.0}",0.0,0.0,-0.00965142399191483,green,1.0,0.0,0.0,False,False,13
2023-09-14,"{'510300': 0.4, '513100': 0.6, '518880': 0.0, '511260': 0.0}","{'510300': 0.4, '513100': 0.6, '518880': 0.0, '511260': 0.0}","{'510300': 0.4, '513100': 0.6, '518880': 0.0, '511260': 0.0}",0.0,0.0,0.003915086656733102,green,1.0,0.0,0.0,False,False,14
2023-09-15,"{'510300': 0.4, '513100': 0.6, '518880': 0.0, '511260': 0.0}","{'510300': 0.4, '513100': 0.6, '518880': 0.0, '511260': 0.0}","{'510300': 0.4, '513100': 0.6, '518880': 0.0, '511260': 0.0}",0.0,0.0,0.0012393886588543345,green,1.0,0.0,0.0,False,False,15
2023-09-18,"{'510300': 0.4, '513100': 0.6, '518880': 0.0, '511260': 0.0}","{'510300': 0.4, '513100': 0.6, '518880': 0.0, '511260': 0.0}","{'510300': 0.4, '513100': 0.6, '518880': 0.0, '511260': 0.0}",0.0,0.0,-0.007974344031476588,green,1.0,-0.6612004096900753,0.024726743996813242,False,True,18
2023-09-19,"{'510300': 0.4, '513100': 0.6, '518880': 0.0, '511260': 0.0}","{'510300': 0.4, '513100': 0.6, '518880': 0.0, '511260': 0.0}","{'510300': 0.4, '513100': 0.6, '518880': 0.0, '511260': 0.0}",0.0,0.0,-0.0011019896473633663,green,1.0,0.0,0.0,False,False,19
2023-09-20,"{'510300': 0.4, '513100': 0.6, '518880': 0.0, '511260': 0.0}","{'510300': 0.4, '513100': 0.6, '518880': 0.0, '511260': 0.0}","{'510300': 0.4, '513100': 0.6, '518880': 0.0, '511260': 0.0}",0.0,0.0,-0.0015140809835471284,green,1.0,0.0,0.0,False,False,20
2023-09-21,"{'510300': 0.4, '513100': 0.6, '518880': 0.0, '511260': 0.0}","{'510300': 0.4, '513100': 0.6, '518880': 0.0, '511260': 0.0}","{'510300': 0.4, '513100': 0.6, '518880': 0.0, '511260': 0.0}",0.0,0.0,-0.01521339592553661,green,1.0,0.0,0.0,False,False,21
2023-09-22,"{'510300': 0.4, '513100': 0.6, '518880': 0.0, '511260': 0.0}","{'510300': 0.4, '513100': 0.6, '518880': 0.0, '511260': 0.0}","{'510300': 0.4, '513100': 0.6, '518880': 0.0, '511260': 0.0}",0.0,0.0,0.002681830394811047,green,1.0,0.0,0.0,False,False,22
2023-09-25,"{'510300': 0.4, '513100': 0.6, '518880': 0.0, '511260': 0.0}","{'510300': 0.4, '513100': 0.6, '518880': 0.0, '511260': 0.0}","{'510300': 0.4, '513100': 0.6, '518880': 0.0, '511260': 0.0}",0.0,0.0,-0.002067624205028773,green,1.0,-0.8456804011779163,0.007594702772667521,False,True,25
2023-09-26,"{'510300': 0.4, '513100': 0.6, '518880': 0.0, '511260': 0.0}","{'510300': 0.4, '513100': 0.6, '518880': 0.0, '511260': 0.0}","{'510300': 0.4, '513100': 0.6, '518880': 0.0, '511260': 0.0}",0.0,0.0,-0.0073298590253425555,green,1.0,0.0,0.0,False,False,26
2023-09-27,"{'510300': 0.4, '513100': 0.6, '518880': 0.0, '511260': 0.0}","{'510300': 0.4, '513100': 0.6, '518880': 0.0, '511260': 0.0}","{'510300': 0.4, '513100': 0.6, '518880': 0.0, '511260': 0.0}",0.0,0.0,-0.0010651925759945556,green,1.0,0.0,0.0,False,False,27
2023-09-28,"{'510300': 0.0, '513100': 1.0, '518880': 0.0, '511260': 0.0}","{'510300': 0.4, '513100': 0.6, '518880': 0.0, '511260': 0.0}","{'510300': 0.4, '513100': 0.6, '518880': 0.0, '511260': 0.0}",0.0,0.0,-0.002155956436584061,red,0.6,1.0359217013172242,0.9997571923351222,True,False,0
2023-10-09,"{'510300': 0.4, '513100': 0.6, '518880': 0.0, '511260': 0.0}","{'510300': 0.34, '513100': 0.51, '518880': 0.1499999999999999, '511260': 0.0}","{'510300': 0.4, '513100': 0.6, '518880': 0.0, '511260': 0.0}",0.2999999999999999,0.00029999999999999987,0.005531424114543297,yellow,0.85,0.9487013642552481,0.9429480244543713,False,True,11
2023-10-10,"{'510300': 0.34, '513100': 0.51, '518880': 0.1499999999999999, '511260': 0.0}","{'510300': 0.34, '513100': 0.51, '518880': 0.1499999999999999, '511260': 0.0}","{'510300': 0.34, '513100': 0.51, '518880': 0.1499999999999999, '511260': 0.0}",0.0,0.0,0.002396463797216466,green,1.0,0.0,0.0,False,False,12
2023-10-11,"{'510300': 0.34, '513100': 0.51, '518880': 0.1499999999999999, '511260': 0.0}","{'510300': 0.34, '513100': 0.51, '518880': 0.1499999999999999, '511260': 0.0}","{'510300': 0.34, '513100': 0.51, '518880': 0.1499999999999999, '511260': 0.0}",0.0,0.0,0.004243903636546336,green,1.0,0.0,0.0,False,False,13
2023-10-12,"{'510300': 0.34, '513100': 0.51, '518880': 0.1499999999999999, '511260': 0.0}","{'510300': 0.34, '513100': 0.51, '518880': 0.1499999999999999, '511260': 0.0}","{'510300': 0.34, '513100': 0.51, '518880': 0.1499999999999999, '511260': 0.0}",0.0,0.0,0.009309920010503646,green,1.0,0.0,0.0,False,False,14
2023-10-13,"{'510300': 0.34, '513100': 0.51, '518880': 0.1499999999999999, '511260': 0.0}","{'510300': 0.34, '513100': 0.51, '518880': 0.1499999999999999, '511260': 0.0}","{'510300': 0.34, '513100': 0.51, '518880': 0.1499999999999999, '511260': 0.0}",0.0,0.0,-0.005609002880377076,green,1.0,0.0,0.0,False,False,15
2023-10-16,"{'510300': 0.34, '513100': 0.51, '518880': 0.1499999999999999, '511260': 0.0}","{'510300': 0.28900000000000003, '513100': 0.4335, '518880': 0.12749999999999992, '511260': 0.15000000000000002}","{'510300': 0.34, '513100': 0.51, '518880': 0.1499999999999999, '511260': 0.0}",0.30000000000000004,0.00030000000000000003,-0.006127326938515844,yellow,0.85,1.141883134727313,0.9728097001228455,False,True,18
2023-10-17,"{'510300': 0.28900000000000003, '513100': 0.4335, '518880': 0.12749999999999992, '511260': 0.15000000000000002}","{'510300': 0.28900000000000003, '513100': 0.4335, '518880': 0.12749999999999992, '511260': 0.15000000000000002}","{'510300': 0.28900000000000003, '513100': 0.4335, '518880': 0.12749999999999992, '511260': 0.15000000000000002}",0.0,0.0,0.004618367205573756,green,1.0,0.0,0.0,False,False,19
2023-10-18,"{'510300': 0.28900000000000003, '513100': 0.4335, '518880': 0.12749999999999992, '511260': 0.15000000000000002}","{'510300': 0.28900000000000003, '513100': 0.4335, '518880': 0.12749999999999992, '511260': 0.15000000000000002}","{'510300': 0.28900000000000003, '513100': 0.4335, '518880': 0.12749999999999992, '511260': 0.15000000000000002}",0.0,0.0,-0.003110001708676954,green,1.0,0.0,0.0,False,False,20
2023-10-19,"{'510300': 0.28900000000000003, '513100': 0.4335, '518880': 0.12749999999999992, '511260': 0.15000000000000002}","{'510300': 0.28900000000000003, '513100': 0.4335, '518880': 0.12749999999999992, '511260': 0.15000000000000002}","{'510300': 0.28900000000000003, '513100': 0.4335, '518880': 0.12749999999999992, '511260': 0.15000000000000002}",0.0,0.0,-0.011556210340563337,green,1.0,0.0,0.0,False,False,21
2023-10-20,"{'510300': 0.28900000000000003, '513100': 0.4335, '518880': 0.12749999999999992, '511260': 0.15000000000000002}","{'510300': 0.28900000000000003, '513100': 0.4335, '518880': 0.12749999999999992, '511260': 0.15000000000000002}","{'510300': 0.28900000000000003, '513100': 0.4335, '518880': 0.12749999999999992, '511260': 0.15000000000000002}",0.0,0.0,-0.005451515293673877,green,1.0,0.0,0.0,False,False,22
2023-10-23,"{'510300': 0.28900000000000003, '513100': 0.4335, '518880': 0.12749999999999992, '511260': 0.15000000000000002}","{'510300': 0.28900000000000003, '513100': 0.4335, '518880': 0.12749999999999992, '511260': 0.15000000000000002}","{'510300': 0.28900000000000003, '513100': 0.4335, '518880': 0.12749999999999992, '511260': 0.15000000000000002}",0.0,0.0,-0.006648986412938622,green,1.0,-0.5924337781462659,0.007192185169875437,False,True,25
2023-10-24,"{'510300': 0.28900000000000003, '513100': 0.4335, '518880': 0.12749999999999992, '511260': 0.15000000000000002}","{'510300': 0.28900000000000003, '513100': 0.4335, '518880': 0.12749999999999992, '511260': 0.15000000000000002}","{'510300': 0.28900000000000003, '513100': 0.4335, '518880': 0.12749999999999992, '511260': 0.15000000000000002}",0.0,0.0,0.003149139288557689,green,1.0,0.0,0.0,False,False,26
2023-10-25,"{'510300': 0.28900000000000003, '513100': 0.4335, '518880': 0.12749999999999992, '511260': 0.15000000000000002}","{'510300': 0.28900000000000003, '513100': 0.4335, '518880': 0.12749999999999992, '511260': 0.15000000000000002}","{'510300': 0.28900000000000003, '513100': 0.4335, '518880': 0.12749999999999992, '511260': 0.15000000000000002}",0.0,0.0,-0.00018089300834445087,green,1.0,0.0,0.0,False,False,27
2023-10-26,"{'510300': 0.28900000000000003, '513100': 0.4335, '518880': 0.12749999999999992, '511260': 0.15000000000000002}","{'510300': 0.28900000000000003, '513100': 0.4335, '518880': 0.12749999999999992, '511260': 0.15000000000000002}","{'510300': 0.28900000000000003, '513100': 0.4335, '518880': 0.12749999999999992, '511260': 0.15000000000000002}",0.0,0.0,-0.011115302391690602,green,1.0,0.0,0.0,False,False,28
2023-10-27,"{'510300': 0.28900000000000003, '513100': 0.4335, '518880': 0.12749999999999992, '511260': 0.15000000000000002}","{'510300': 0.28900000000000003, '513100': 0.4335, '518880': 0.12749999999999992, '511260': 0.15000000000000002}","{'510300': 0.28900000000000003, '513100': 0.4335, '518880': 0.12749999999999992, '511260': 0.15000000000000002}",0.0,0.0,0.0066418665019151715,green,1.0,0.0,0.0,False,False,29
2023-10-30,"{'510300': 0.28900000000000003, '513100': 0.4335, '518880': 0.12749999999999992, '511260': 0.15000000000000002}","{'510300': 0.28900000000000003, '513100': 0.4335, '518880': 0.12749999999999992, '511260': 0.15000000000000002}","{'510300': 0.28900000000000003, '513100': 0.4335, '518880': 0.12749999999999992, '511260': 0.15000000000000002}",0.0,0.0,0.0025403433913780654,green,1.0,-0.5710266601294121,0.0018164572105256402,False,True,32
2023-10-31,"{'510300': 0.0, '513100': 1.0, '518880': 0.0, '511260': 0.0}","{'510300': 0.0, '513100': 1.0, '518880': 0.0, '511260': 0.0}","{'510300': 0.28900000000000003, '513100': 0.4335, '518880': 0.12749999999999992, '511260': 0.15000000000000002}",1.133,0.0011330000000000001,-0.0009478672985780978,green,1.0,-0.591052771102889,0.002096219128955404,True,False,0
2023-11-01,"{'510300': 0.0, '513100': 1.0, '518880': 0.0, '511260': 0.0}","{'510300': 0.0, '513100': 1.0, '518880': 0.0, '511260': 0.0}","{'510300': 0.0, '513100': 1.0, '518880': 0.0, '511260': 0.0}",0.0,0.0,0.014231499051233332,green,1.0,0.0,0.0,False,False,1
2023-11-02,"{'510300': 0.0, '513100': 1.0, '518880': 0.0, '511260': 0.0}","{'510300': 0.0, '513100': 1.0, '518880': 0.0, '511260': 0.0}","{'510300': 0.0, '513100': 1.0, '518880': 0.0, '511260': 0.0}",0.0,0.0,0.020579981290926197,green,1.0,0.0,0.0,False,False,2
2023-11-03,"{'510300': 0.0, '513100': 1.0, '518880': 0.0, '511260': 0.0}","{'510300': 0.0, '513100': 1.0, '518880': 0.0, '511260': 0.0}","{'510300': 0.0, '513100': 1.0, '518880': 0.0, '511260': 0.0}",0.0,0.0,0.007332722273143855,green,1.0,0.0,0.0,False,False,3
2023-11-06,"{'510300': 0.0, '513100': 1.0, '518880': 0.0, '511260': 0.0}","{'510300': 0.0, '513100': 1.0, '518880': 0.0, '511260': 0.0}","{'510300': 0.0, '513100': 1.0, '518880': 0.0, '511260': 0.0}",0.0,0.0,0.010919017288444133,green,1.0,-0.5334330652367576,0.034299615299373774,False,True,6
2023-11-07,"{'510300': 0.0, '513100': 1.0, '518880': 0.0, '511260': 0.0}","{'510300': 0.0, '513100': 1.0, '518880': 0.0, '511260': 0.0}","{'510300': 0.0, '513100': 1.0, '518880': 0.0, '511260': 0.0}",0.0,0.0,-0.0009000900090008201,green,1.0,0.0,0.0,False,False,7
2023-11-08,"{'510300': 0.0, '513100': 1.0, '518880': 0.0, '511260': 0.0}","{'510300': 0.0, '513100': 1.0, '518880': 0.0, '511260': 0.0}","{'510300': 0.0, '513100': 1.0, '518880': 0.0, '511260': 0.0}",0.0,0.0,0.009009009009008917,green,1.0,0.0,0.0,False,False,8
2023-11-09,"{'510300': 0.0, '513100': 1.0, '518880': 0.0, '511260': 0.0}","{'510300': 0.0, '513100': 1.0, '518880': 0.0, '511260': 0.0}","{'510300': 0.0, '513100': 1.0, '518880': 0.0, '511260': 0.0}",0.0,0.0,0.006249999999999867,green,1.0,0.0,0.0,False,False,9
2023-11-10,"{'510300': 0.0, '513100': 1.0, '518880': 0.0, '511260': 0.0}","{'510300': 0.0, '513100': 1.0, '518880': 0.0, '511260': 0.0}","{'510300': 0.0, '513100': 1.0, '518880': 0.0, '511260': 0.0}",0.0,0.0,-0.009760425909494108,green,1.0,0.0,0.0,False,False,10
2023-11-13,"{'510300': 0.0, '513100': 1.0, '518880': 0.0, '511260': 0.0}","{'510300': 0.15000000000000002, '513100': 0.85, '518880': 0.0, '511260': 0.0}","{'510300': 0.0, '513100': 1.0, '518880': 0.0, '511260': 0.0}",0.30000000000000004,0.00030000000000000003,0.0180573476702507,yellow,0.85,1.2113104504977963,0.9754398927471103,False,True,13
2023-11-14,"{'510300': 0.15000000000000002, '513100': 0.85, '518880': 0.0, '511260': 0.0}","{'510300': 0.15000000000000002, '513100': 0.85, '518880': 0.0, '511260': 0.0}","{'510300': 0.15000000000000002, '513100': 0.85, '518880': 0.0, '511260': 0.0}",0.0,0.0,0.0029824561403508864,green,1.0,0.0,0.0,False,False,14
2023-11-15,"{'510300': 0.15000000000000002, '513100': 0.85, '518880': 0.0, '511260': 0.0}","{'510300': 0.15000000000000002, '513100': 0.85, '518880': 0.0, '511260': 0.0}","{'510300': 0.15000000000000002, '513100': 0.85, '518880': 0.0, '511260': 0.0}",0.0,0.0,0.01597289950405677,green,1.0,0.0,0.0,False,False,15
2023-11-16,"{'510300': 0.15000000000000002, '513100': 0.85, '518880': 0.0, '511260': 0.0}","{'510300': 0.15000000000000002, '513100': 0.85, '518880': 0.0, '511260': 0.0}","{'510300': 0.15000000000000002, '513100': 0.85, '518880': 0.0, '511260': 0.0}",0.0,0.0,-0.005241777123220309,green,1.0,0.0,0.0,False,False,16
2023-11-17,"{'510300': 0.15000000000000002, '513100': 0.85, '518880': 0.0, '511260': 0.0}","{'510300': 0.15000000000000002, '513100': 0.85, '518880': 0.0, '511260': 0.0}","{'510300': 0.15000000000000002, '513100': 0.85, '518880': 0.0, '511260': 0.0}",0.0,0.0,0.001243500970054262,green,1.0,0.0,0.0,False,False,17
2023-11-20,"{'510300': 0.15000000000000002, '513100': 0.85, '518880': 0.0, '511260': 0.0}","{'510300': 0.15000000000000002, '513100': 0.85, '518880': 0.0, '511260': 0.0}","{'510300': 0.15000000000000002, '513100': 0.85, '518880': 0.0, '511260': 0.0}",0.0,0.0,-0.011222089710461807,green,1.0,0.7094005135958502,0.909455081930254,False,True,20
2023-11-21,"{'510300': 0.15000000000000002, '513100': 0.85, '518880': 0.0, '511260': 0.0}","{'510300': 0.15000000000000002, '513100': 0.85, '518880': 0.0, '511260': 0.0}","{'510300': 0.15000000000000002, '513100': 0.85, '518880': 0.0, '511260': 0.0}",0.0,0.0,0.009873537636990082,green,1.0,0.0,0.0,False,False,21
2023-11-22,"{'510300': 0.15000000000000002, '513100': 0.85, '518880': 0.0, '511260': 0.0}","{'510300': 0.15000000000000002, '513100': 0.85, '518880': 0.0, '511260': 0.0}","{'510300': 0.15000000000000002, '513100': 0.85, '518880': 0.0, '511260': 0.0}",0.0,0.0,-0.007608098481470659,green,1.0,0.0,0.0,False,False,22
2023-11-23,"{'510300': 0.15000000000000002, '513100': 0.85, '518880': 0.0, '511260': 0.0}","{'510300': 0.15000000000000002, '513100': 0.85, '518880': 0.0, '511260': 0.0}","{'510300': 0.15000000000000002, '513100': 0.85, '518880': 0.0, '511260': 0.0}",0.0,0.0,0.005290381527939136,green,1.0,0.0,0.0,False,False,23
2023-11-24,"{'510300': 0.15000000000000002, '513100': 0.85, '518880': 0.0, '511260': 0.0}","{'510300': 0.15000000000000002, '513100': 0.85, '518880': 0.0, '511260': 0.0}","{'510300': 0.15000000000000002, '513100': 0.85, '518880': 0.0, '511260': 0.0}",0.0,0.0,-0.0003841088674274186,green,1.0,0.0,0.0,False,False,24
2023-11-27,"{'510300': 0.15000000000000002, '513100': 0.85, '518880': 0.0, '511260': 0.0}","{'510300': 0.15000000000000002, '513100': 0.85, '518880': 0.0, '511260': 0.0}","{'510300': 0.15000000000000002, '513100': 0.85, '518880': 0.0, '511260': 0.0}",0.0,0.0,-0.005490658365880096,green,1.0,0.3984501977867052,0.8959755597007113,False,True,27
2023-11-28,"{'510300': 0.15000000000000002, '513100': 0.85, '518880': 0.0, '511260': 0.0}","{'510300': 0.15000000000000002, '513100': 0.85, '518880': 0.0, '511260': 0.0}","{'510300': 0.15000000000000002, '513100': 0.85, '518880': 0.0, '511260': 0.0}",0.0,0.0,0.0023972279152961627,green,1.0,0.0,0.0,False,False,28
2023-11-29,"{'510300': 0.15000000000000002, '513100': 0.85, '518880': 0.0, '511260': 0.0}","{'510300': 0.15000000000000002, '513100': 0.85, '518880': 0.0, '511260': 0.0}","{'510300': 0.15000000000000002, '513100': 0.85, '518880': 0.0, '511260': 0.0}",0.0,0.0,-0.0012254160363086354,green,1.0,0.0,0.0,False,False,29
2023-11-30,"{'510300': 0.0, '513100': 1.0, '518880': 0.0, '511260': 0.0}","{'510300': 0.0, '513100': 1.0, '518880': 0.0, '511260': 0.0}","{'510300': 0.15000000000000002, '513100': 0.85, '518880': 0.0, '511260': 0.0}",0.30000000000000004,0.00030000000000000003,-0.0008665511265163461,green,1.0,-1.2407450293283928,0.0012625382618108992,True,False,0
2023-12-01,"{'510300': 0.0, '513100': 1.0, '518880': 0.0, '511260': 0.0}","{'510300': 0.0, '513100': 1.0, '518880': 0.0, '511260': 0.0}","{'510300': 0.0, '513100': 1.0, '518880': 0.0, '511260': 0.0}",0.0,0.0,-0.004336513443191747,green,1.0,0.0,0.0,False,False,1
2023-12-04,"{'510300': 0.0, '513100': 1.0, '518880': 0.0, '511260': 0.0}","{'510300': 0.0, '513100': 1.0, '518880': 0.0, '511260': 0.0}","{'510300': 0.0, '513100': 1.0, '518880': 0.0, '511260': 0.0}",0.0,0.0,0.0017421602787457413,green,1.0,0.1612647052720885,0.8967521810826289,False,True,4
2023-12-05,"{'510300': 0.0, '513100': 1.0, '518880': 0.0, '511260': 0.0}","{'510300': 0.0, '513100': 1.0, '518880': 0.0, '511260': 0.0}","{'510300': 0.0, '513100': 1.0, '518880': 0.0, '511260': 0.0}",0.0,0.0,-0.011304347826086913,green,1.0,0.0,0.0,False,False,5
2023-12-06,"{'510300': 0.0, '513100': 1.0, '518880': 0.0, '511260': 0.0}","{'510300': 0.0, '513100': 1.0, '518880': 0.0, '511260': 0.0}","{'510300': 0.0, '513100': 1.0, '518880': 0.0, '511260': 0.0}",0.0,0.0,0.014072119613016687,green,1.0,0.0,0.0,False,False,6
2023-12-07,"{'510300': 0.0, '513100': 1.0, '518880': 0.0, '511260': 0.0}","{'510300': 0.0, '513100': 1.0, '518880': 0.0, '511260': 0.0}","{'510300': 0.0, '513100': 1.0, '518880': 0.0, '511260': 0.0}",0.0,0.0,-0.011274934952298477,green,1.0,0.0,0.0,False,False,7
2023-12-08,"{'510300': 0.0, '513100': 1.0, '518880': 0.0, '511260': 0.0}","{'510300': 0.0, '513100': 1.0, '518880': 0.0, '511260': 0.0}","{'510300': 0.0, '513100': 1.0, '518880': 0.0, '511260': 0.0}",0.0,0.0,0.014912280701754543,green,1.0,0.0,0.0,False,False,8
2023-12-11,"{'510300': 0.0, '513100': 1.0, '518880': 0.0, '511260': 0.0}","{'510300': 0.0, '513100': 1.0, '518880': 0.0, '511260': 0.0}","{'510300': 0.0, '513100': 1.0, '518880': 0.0, '511260': 0.0}",0.0,0.0,0.006050129645635227,green,1.0,0.3518441218078279,0.8420542021670733,False,True,11
2023-12-12,"{'510300': 0.0, '513100': 1.0, '518880': 0.0, '511260': 0.0}","{'510300': 0.0, '513100': 1.0, '518880': 0.0, '511260': 0.0}","{'510300': 0.0, '513100': 1.0, '518880': 0.0, '511260': 0.0}",0.0,0.0,0.012027491408934665,green,1.0,0.0,0.0,False,False,12
2023-12-13,"{'510300': 0.0, '513100': 1.0, '518880': 0.0, '511260': 0.0}","{'510300': 0.0, '513100': 1.0, '518880': 0.0, '511260': 0.0}","{'510300': 0.0, '513100': 1.0, '518880': 0.0, '511260': 0.0}",0.0,0.0,0.011035653650254718,green,1.0,0.0,0.0,False,False,13
2023-12-14,"{'510300': 0.0, '513100': 1.0, '518880': 0.0, '511260': 0.0}","{'510300': 0.0, '513100': 1.0, '518880': 0.0, '511260': 0.0}","{'510300': 0.0, '513100': 1.0, '518880': 0.0, '511260': 0.0}",0.0,0.0,0.010915197313182023,green,1.0,0.0,0.0,False,False,14
2023-12-15,"{'510300': 0.0, '513100': 1.0, '518880': 0.0, '511260': 0.0}","{'510300': 0.0, '513100': 1.0, '518880': 0.0, '511260': 0.0}","{'510300': 0.0, '513100': 1.0, '518880': 0.0, '511260': 0.0}",0.0,0.0,-0.009136212624584639,green,1.0,0.0,0.0,False,False,15
2023-12-18,"{'510300': 0.0, '513100': 1.0, '518880': 0.0, '511260': 0.0}","{'510300': 0.0, '513100': 1.0, '518880': 0.0, '511260': 0.0}","{'510300': 0.0, '513100': 1.0, '518880': 0.0, '511260': 0.0}",0.0,0.0,0.007544006705783701,green,1.0,-1.087969024741633,0.0077766807853503475,False,True,18
2023-12-19,"{'510300': 0.0, '513100': 1.0, '518880': 0.0, '511260': 0.0}","{'510300': 0.0, '513100': 1.0, '518880': 0.0, '511260': 0.0}","{'510300': 0.0, '513100': 1.0, '518880': 0.0, '511260': 0.0}",0.0,0.0,0.005823627287853572,green,1.0,0.0,0.0,False,False,19
2023-12-20,"{'510300': 0.0, '513100': 1.0, '518880': 0.0, '511260': 0.0}","{'510300': 0.0, '513100': 1.0, '518880': 0.0, '511260': 0.0}","{'510300': 0.0, '513100': 1.0, '518880': 0.0, '511260': 0.0}",0.0,0.0,0.005789909015715411,green,1.0,0.0,0.0,False,False,20
2023-12-21,"{'510300': 0.0, '513100': 1.0, '518880': 0.0, '511260': 0.0}","{'510300': 0.0, '513100': 1.0, '518880': 0.0, '511260': 0.0}","{'510300': 0.0, '513100': 1.0, '518880': 0.0, '511260': 0.0}",0.0,0.0,-0.013157894736842146,green,1.0,0.0,0.0,False,False,21
2023-12-22,"{'510300': 0.0, '513100': 1.0, '518880': 0.0, '511260': 0.0}","{'510300': 0.0, '513100': 1.0, '518880': 0.0, '511260': 0.0}","{'510300': 0.0, '513100': 1.0, '518880': 0.0, '511260': 0.0}",0.0,0.0,0.0050000000000001155,green,1.0,0.0,0.0,False,False,22
2023-12-25,"{'510300': 0.0, '513100': 1.0, '518880': 0.0, '511260': 0.0}","{'510300': 0.0, '513100': 1.0, '518880': 0.0, '511260': 0.0}","{'510300': 0.0, '513100': 1.0, '518880': 0.0, '511260': 0.0}",0.0,0.0,0.0008291873963517382,green,1.0,-1.1288573218731126,0.0012834638018582932,False,True,25
2023-12-26,"{'510300': 0.0, '513100': 1.0, '518880': 0.0, '511260': 0.0}","{'510300': 0.0, '513100': 1.0, '518880': 0.0, '511260': 0.0}","{'510300': 0.0, '513100': 1.0, '518880': 0.0, '511260': 0.0}",0.0,0.0,0.006628003314001596,green,1.0,0.0,0.0,False,False,26
2023-12-27,"{'510300': 0.0, '513100': 1.0, '518880': 0.0, '511260': 0.0}","{'510300': 0.0, '513100': 1.0, '518880': 0.0, '511260': 0.0}","{'510300': 0.0, '513100': 1.0, '518880': 0.0, '511260': 0.0}",0.0,0.0,0.003292181069958877,green,1.0,0.0,0.0,False,False,27
2023-12-28,"{'510300': 0.0, '513100': 1.0, '518880': 0.0, '511260': 0.0}","{'510300': 0.0, '513100': 1.0, '518880': 0.0, '511260': 0.0}","{'510300': 0.0, '513100': 1.0, '518880': 0.0, '511260': 0.0}",0.0,0.0,-0.0024610336341264194,green,1.0,0.0,0.0,False,False,28
2023-12-29,"{'510300': 0.0, '513100': 1.0, '518880': 0.0, '511260': 0.0}","{'510300': 0.0, '513100': 1.0, '518880': 0.0, '511260': 0.0}","{'510300': 0.0, '513100': 1.0, '518880': 0.0, '511260': 0.0}",0.0,0.0,-0.002467105263157854,green,1.0,-0.03416930103321555,0.543953669749449,True,False,0
2024-01-02,"{'510300': 0.0, '513100': 1.0, '518880': 0.0, '511260': 0.0}","{'510300': 0.0, '513100': 1.0, '518880': 0.0, '511260': 0.0}","{'510300': 0.0, '513100': 1.0, '518880': 0.0, '511260': 0.0}",0.0,0.0,-0.002473206924979432,green,1.0,0.0,0.0,False,False,4
2024-01-03,"{'510300': 0.0, '513100': 1.0, '518880': 0.0, '511260': 0.0}","{'510300': 0.0, '513100': 1.0, '518880': 0.0, '511260': 0.0}","{'510300': 0.0, '513100': 1.0, '518880': 0.0, '511260': 0.0}",0.0,0.0,-0.015702479338842945,green,1.0,0.0,0.0,False,False,5
2024-01-04,"{'510300': 0.0, '513100': 1.0, '518880': 0.0, '511260': 0.0}","{'510300': 0.0, '513100': 1.0, '518880': 0.0, '511260': 0.0}","{'510300': 0.0, '513100': 1.0, '518880': 0.0, '511260': 0.0}",0.0,0.0,-0.005037783375314908,green,1.0,0.0,0.0,False,False,6
2024-01-05,"{'510300': 0.0, '513100': 1.0, '518880': 0.0, '511260': 0.0}","{'510300': 0.0, '513100': 1.0, '518880': 0.0, '511260': 0.0}","{'510300': 0.0, '513100': 1.0, '518880': 0.0, '511260': 0.0}",0.0,0.0,-0.007594936708860911,green,1.0,0.0,0.0,False,False,7
2024-01-08,"{'510300': 0.0, '513100': 1.0, '518880': 0.0, '511260': 0.0}","{'510300': 0.0, '513100': 1.0, '518880': 0.0, '511260': 0.0}","{'510300': 0.0, '513100': 1.0, '518880': 0.0, '511260': 0.0}",0.0,0.0,0.0025510204081633514,green,1.0,0.5633549427866853,0.8834649885029465,False,True,10
2024-01-09,"{'510300': 0.0, '513100': 1.0, '518880': 0.0, '511260': 0.0}","{'510300': 0.0, '513100': 1.0, '518880': 0.0, '511260': 0.0}","{'510300': 0.0, '513100': 1.0, '518880': 0.0, '511260': 0.0}",0.0,0.0,0.025445292620865256,green,1.0,0.0,0.0,False,False,11
2024-01-10,"{'510300': 0.0, '513100': 1.0, '518880': 0.0, '511260': 0.0}","{'510300': 0.0, '513100': 1.0, '518880': 0.0, '511260': 0.0}","{'510300': 0.0, '513100': 1.0, '518880': 0.0, '511260': 0.0}",0.0,0.0,0.0,green,1.0,0.0,0.0,False,False,12
2024-01-11,"{'510300': 0.0, '513100': 1.0, '518880': 0.0, '511260': 0.0}","{'510300': 0.0, '513100': 1.0, '518880': 0.0, '511260': 0.0}","{'510300': 0.0, '513100': 1.0, '518880': 0.0, '511260': 0.0}",0.0,0.0,0.011579818031431044,green,1.0,0.0,0.0,False,False,13
2024-01-12,"{'510300': 0.0, '513100': 1.0, '518880': 0.0, '511260': 0.0}","{'510300': 0.0, '513100': 1.0, '518880': 0.0, '511260': 0.0}","{'510300': 0.0, '513100': 1.0, '518880': 0.0, '511260': 0.0}",0.0,0.0,-0.003270645952575646,green,1.0,0.0,0.0,False,False,14
2024-01-15,"{'510300': 0.0, '513100': 1.0, '518880': 0.0, '511260': 0.0}","{'510300': 0.0, '513100': 1.0, '518880': 0.0, '511260': 0.0}","{'510300': 0.0, '513100': 1.0, '518880': 0.0, '511260': 0.0}",0.0,0.0,0.00656275635767023,green,1.0,-1.1681848873882832,0.004374759166448363,False,True,17
2024-01-16,"{'510300': 0.0, '513100': 1.0, '518880': 0.0, '511260': 0.0}","{'510300': 0.0, '513100': 1.0, '518880': 0.0, '511260': 0.0}","{'510300': 0.0, '513100': 1.0, '518880': 0.0, '511260': 0.0}",0.0,0.0,-0.009779951100244544,green,1.0,0.0,0.0,False,False,18
2024-01-17,"{'510300': 0.0, '513100': 1.0, '518880': 0.0, '511260': 0.0}","{'510300': 0.0, '513100': 1.0, '518880': 0.0, '511260': 0.0}","{'510300': 0.0, '513100': 1.0, '518880': 0.0, '511260': 0.0}",0.0,0.0,-0.0008230452674897748,green,1.0,0.0,0.0,False,False,19
2024-01-18,"{'510300': 0.0, '513100': 1.0, '518880': 0.0, '511260': 0.0}","{'510300': 0.0, '513100': 1.0, '518880': 0.0, '511260': 0.0}","{'510300': 0.0, '513100': 1.0, '518880': 0.0, '511260': 0.0}",0.0,0.0,0.0024711696869852418,green,1.0,0.0,0.0,False,False,20
2024-01-19,"{'510300': 0.0, '513100': 1.0, '518880': 0.0, '511260': 0.0}","{'510300': 0.0, '513100': 1.0, '518880': 0.0, '511260': 0.0}","{'510300': 0.0, '513100': 1.0, '518880': 0.0, '511260': 0.0}",0.0,0.0,0.020542317173377178,green,1.0,0.0,0.0,False,False,21
2024-01-22,"{'510300': 0.0, '513100': 1.0, '518880': 0.0, '511260': 0.0}","{'510300': 0.4, '513100': 0.6, '518880': 0.0, '511260': 0.0}","{'510300': 0.0, '513100': 1.0, '518880': 0.0, '511260': 0.0}",0.8,0.0008,0.009349655024533063,red,0.6,1.5443459056126994,0.9999990866626358,False,True,24
2024-01-23,"{'510300': 0.4, '513100': 0.6, '518880': 0.0, '511260': 0.0}","{'510300': 0.4, '513100': 0.6, '518880': 0.0, '511260': 0.0}","{'510300': 0.4, '513100': 0.6, '518880': 0.0, '511260': 0.0}",0.0,0.0,-0.0012805196160267313,green,1.0,0.0,0.0,False,False,25
2024-01-24,"{'510300': 0.4, '513100': 0.6, '518880': 0.0, '511260': 0.0}","{'510300': 0.4, '513100': 0.6, '518880': 0.0, '511260': 0.0}","{'510300': 0.4, '513100': 0.6, '518880': 0.0, '511260': 0.0}",0.0,0.0,0.010066168449596046,green,1.0,0.0,0.0,False,False,26
2024-01-25,"{'510300': 0.4, '513100': 0.6, '518880': 0.0, '511260': 0.0}","{'510300': 0.4, '513100': 0.6, '518880': 0.0, '511260': 0.0}","{'510300': 0.4, '513100': 0.6, '518880': 0.0, '511260': 0.0}",0.0,0.0,0.004014788426342465,green,1.0,0.0,0.0,False,False,27
2024-01-26,"{'510300': 0.4, '513100': 0.6, '518880': 0.0, '511260': 0.0}","{'510300': 0.4, '513100': 0.6, '518880': 0.0, '511260': 0.0}","{'510300': 0.4, '513100': 0.6, '518880': 0.0, '511260': 0.0}",0.0,0.0,-0.005488938206882454,green,1.0,0.0,0.0,False,False,28
2024-01-29,"{'510300': 0.4, '513100': 0.6, '518880': 0.0, '511260': 0.0}","{'510300': 0.4, '513100': 0.6, '518880': 0.0, '511260': 0.0}","{'510300': 0.4, '513100': 0.6, '518880': 0.0, '511260': 0.0}",0.0,0.0,0.001385320405575418,green,1.0,-0.5806875733473141,0.018971321655496975,False,True,31
2024-01-30,"{'510300': 0.4, '513100': 0.6, '518880': 0.0, '511260': 0.0}","{'510300': 0.4, '513100': 0.6, '518880': 0.0, '511260': 0.0}","{'510300': 0.4, '513100': 0.6, '518880': 0.0, '511260': 0.0}",0.0,0.0,0.002180076253788287,green,1.0,0.0,0.0,False,False,32
2024-01-31,"{'510300': 0.0, '513100': 1.0, '518880': 0.0, '511260': 0.0}","{'510300': 0.15000000000000002, '513100': 0.85, '518880': 0.0, '511260': 0.0}","{'510300': 0.4, '513100': 0.6, '518880': 0.0, '511260': 0.0}",0.5,0.0005,-0.019459970837383714,yellow,0.85,1.6045950495582246,0.9675789448669775,True,False,0
2024-02-01,"{'510300': 0.15000000000000002, '513100': 0.85, '518880': 0.0, '511260': 0.0}","{'510300': 0.15000000000000002, '513100': 0.85, '518880': 0.0, '511260': 0.0}","{'510300': 0.15000000000000002, '513100': 0.85, '518880': 0.0, '511260': 0.0}",0.0,0.0,-0.008268889598896923,green,1.0,0.0,0.0,False,False,1
2024-02-02,"{'510300': 0.15000000000000002, '513100': 0.85, '518880': 0.0, '511260': 0.0}","{'510300': 0.15000000000000002, '513100': 0.85, '518880': 0.0, '511260': 0.0}","{'510300': 0.15000000000000002, '513100': 0.85, '518880': 0.0, '511260': 0.0}",0.0,0.0,0.019549817730938782,green,1.0,0.0,0.0,False,False,2
2024-02-05,"{'510300': 0.15000000000000002, '513100': 0.85, '518880': 0.0, '511260': 0.0}","{'510300': 0.09000000000000001, '513100': 0.51, '518880': 0.4, '511260': 0.0}","{'510300': 0.15000000000000002, '513100': 0.85, '518880': 0.0, '511260': 0.0}",0.8,0.0008,-8.791006645384033e-05,red,0.6,1.6915560757545494,0.9994454797217983,False,True,5
2024-02-06,"{'510300': 0.09000000000000001, '513100': 0.51, '518880': 0.4, '511260': 0.0}","{'510300': 0.09000000000000001, '513100': 0.51, '518880': 0.4, '511260': 0.0}","{'510300': 0.09000000000000001, '513100': 0.51, '518880': 0.4, '511260': 0.0}",0.0,0.0,0.0030228922334860414,green,1.0,0.0,0.0,False,False,6
2024-02-07,"{'510300': 0.09000000000000001, '513100': 0.51, '518880': 0.4, '511260': 0.0}","{'510300': 0.09000000000000001, '513100': 0.51, '518880': 0.4, '511260': 0.0}","{'510300': 0.09000000000000001, '513100': 0.51, '518880': 0.4, '511260': 0.0}",0.0,0.0,-0.0031215414287166336,green,1.0,0.0,0.0,False,False,7
2024-02-08,"{'510300': 0.09000000000000001, '513100': 0.51, '518880': 0.4, '511260': 0.0}","{'510300': 0.09000000000000001, '513100': 0.51, '518880': 0.4, '511260': 0.0}","{'510300': 0.09000000000000001, '513100': 0.51, '518880': 0.4, '511260': 0.0}",0.0,0.0,0.013919906774632184,green,1.0,0.0,0.0,False,False,8
2024-02-19,"{'510300': 0.09000000000000001, '513100': 0.51, '518880': 0.4, '511260': 0.0}","{'510300': 0.09000000000000001, '513100': 0.51, '518880': 0.4, '511260': 0.0}","{'510300': 0.09000000000000001, '513100': 0.51, '518880': 0.4, '511260': 0.0}",0.0,0.0,-0.003502575591376611,green,1.0,-0.24806388287923944,0.011081852851769927,False,True,19
2024-02-20,"{'510300': 0.09000000000000001, '513100': 0.51, '518880': 0.4, '511260': 0.0}","{'510300': 0.09000000000000001, '513100': 0.51, '518880': 0.4, '511260': 0.0}","{'510300': 0.09000000000000001, '513100': 0.51, '518880': 0.4, '511260': 0.0}",0.0,0.0,-0.0006164412116978179,green,1.0,0.0,0.0,False,False,20
2024-02-21,"{'510300': 0.09000000000000001, '513100': 0.51, '518880': 0.4, '511260': 0.0}","{'510300': 0.09000000000000001, '513100': 0.51, '518880': 0.4, '511260': 0.0}","{'510300': 0.09000000000000001, '513100': 0.51, '518880': 0.4, '511260': 0.0}",0.0,0.0,-0.005320132921152255,green,1.0,0.0,0.0,False,False,21
2024-02-22,"{'510300': 0.09000000000000001, '513100': 0.51, '518880': 0.4, '511260': 0.0}","{'510300': 0.09000000000000001, '513100': 0.51, '518880': 0.4, '511260': 0.0}","{'510300': 0.09000000000000001, '513100': 0.51, '518880': 0.4, '511260': 0.0}",0.0,0.0,0.00921610912852849,green,1.0,0.0,0.0,False,False,22
2024-02-23,"{'510300': 0.09000000000000001, '513100': 0.51, '518880': 0.4, '511260': 0.0}","{'510300': 0.09000000000000001, '513100': 0.51, '518880': 0.4, '511260': 0.0}","{'510300': 0.09000000000000001, '513100': 0.51, '518880': 0.4, '511260': 0.0}",0.0,0.0,0.005955464277707083,green,1.0,0.0,0.0,False,False,23
2024-02-26,"{'510300': 0.09000000000000001, '513100': 0.51, '518880': 0.4, '511260': 0.0}","{'510300': 0.09000000000000001, '513100': 0.51, '518880': 0.4, '511260': 0.0}","{'510300': 0.09000000000000001, '513100': 0.51, '518880': 0.4, '511260': 0.0}",0.0,0.0,-0.004168857524987564,green,1.0,-0.36308092597127367,0.019487793220330327,False,True,26
2024-02-27,"{'510300': 0.09000000000000001, '513100': 0.51, '518880': 0.4, '511260': 0.0}","{'510300': 0.09000000000000001, '513100': 0.51, '518880': 0.4, '511260': 0.0}","{'510300': 0.09000000000000001, '513100': 0.51, '518880': 0.4, '511260': 0.0}",0.0,0.0,-6.812364349613172e-05,green,1.0,0.0,0.0,False,False,27
2024-02-28,"{'510300': 0.09000000000000001, '513100': 0.51, '518880': 0.4, '511260': 0.0}","{'510300': 0.09000000000000001, '513100': 0.51, '518880': 0.4, '511260': 0.0}","{'510300': 0.09000000000000001, '513100': 0.51, '518880': 0.4, '511260': 0.0}",0.0,0.0,9.550300667958569e-05,green,1.0,0.0,0.0,False,False,28
2024-02-29,"{'510300': 0.0, '513100': 1.0, '518880': 0.0, '511260': 0.0}","{'510300': 0.0, '513100': 1.0, '518880': 0.0, '511260': 0.0}","{'510300': 0.09000000000000001, '513100': 0.51, '518880': 0.4, '511260': 0.0}",0.98,0.00098,-0.006875477463712643,green,1.0,-0.47714441443665084,0.05021843716053378,True,False,0
2024-03-01,"{'510300': 0.0, '513100': 1.0, '518880': 0.0, '511260': 0.0}","{'510300': 0.0, '513100': 1.0, '518880': 0.0, '511260': 0.0}","{'510300': 0.0, '513100': 1.0, '518880': 0.0, '511260': 0.0}",0.0,0.0,0.016153846153846185,green,1.0,0.0,0.0,False,False,1
2024-03-04,"{'510300': 0.0, '513100': 1.0, '518880': 0.0, '511260': 0.0}","{'510300': 0.0, '513100': 1.0, '518880': 0.0, '511260': 0.0}","{'510300': 0.0, '513100': 1.0, '518880': 0.0, '511260': 0.0}",0.0,0.0,0.01362604087812258,green,1.0,1.4362174403160919,0.8790323625617852,False,True,4
2024-03-05,"{'510300': 0.0, '513100': 1.0, '518880': 0.0, '511260': 0.0}","{'510300': 0.0, '513100': 1.0, '518880': 0.0, '511260': 0.0}","{'510300': 0.0, '513100': 1.0, '518880': 0.0, '511260': 0.0}",0.0,0.0,-0.007468259895444418,green,1.0,0.0,0.0,False,False,5
2024-03-06,"{'510300': 0.0, '513100': 1.0, '518880': 0.0, '511260': 0.0}","{'510300': 0.0, '513100': 1.0, '518880': 0.0, '511260': 0.0}","{'510300': 0.0, '513100': 1.0, '518880': 0.0, '511260': 0.0}",0.0,0.0,-0.003762227238525151,green,1.0,0.0,0.0,False,False,6
2024-03-07,"{'510300': 0.0, '513100': 1.0, '518880': 0.0, '511260': 0.0}","{'510300': 0.0, '513100': 1.0, '518880': 0.0, '511260': 0.0}","{'510300': 0.0, '513100': 1.0, '518880': 0.0, '511260': 0.0}",0.0,0.0,-0.006797583081571079,green,1.0,0.0,0.0,False,False,7
2024-03-08,"{'510300': 0.0, '513100': 1.0, '518880': 0.0, '511260': 0.0}","{'510300': 0.0, '513100': 1.0, '518880': 0.0, '511260': 0.0}","{'510300': 0.0, '513100': 1.0, '518880': 0.0, '511260': 0.0}",0.0,0.0,0.016730038022813698,green,1.0,0.0,0.0,False,False,8
2024-03-11,"{'510300': 0.0, '513100': 1.0, '518880': 0.0, '511260': 0.0}","{'510300': 0.0, '513100': 1.0, '518880': 0.0, '511260': 0.0}","{'510300': 0.0, '513100': 1.0, '518880': 0.0, '511260': 0.0}",0.0,0.0,-0.014958863126402377,green,1.0,-0.36020452492256533,0.11384213153094916,False,True,11
2024-03-12,"{'510300': 0.0, '513100': 1.0, '518880': 0.0, '511260': 0.0}","{'510300': 0.0, '513100': 1.0, '518880': 0.0, '511260': 0.0}","{'510300': 0.0, '513100': 1.0, '518880': 0.0, '511260': 0.0}",0.0,0.0,0.0037965072133638866,green,1.0,0.0,0.0,False,False,12
2024-03-13,"{'510300': 0.0, '513100': 1.0, '518880': 0.0, '511260': 0.0}","{'510300': 0.0, '513100': 1.0, '518880': 0.0, '511260': 0.0}","{'510300': 0.0, '513100': 1.0, '518880': 0.0, '511260': 0.0}",0.0,0.0,0.00605143721633894,green,1.0,0.0,0.0,False,False,13
2024-03-14,"{'510300': 0.0, '513100': 1.0, '518880': 0.0, '511260': 0.0}","{'510300': 0.0, '513100': 1.0, '518880': 0.0, '511260': 0.0}","{'510300': 0.0, '513100': 1.0, '518880': 0.0, '511260': 0.0}",0.0,0.0,-0.004511278195488688,green,1.0,0.0,0.0,False,False,14
2024-03-15,"{'510300': 0.0, '513100': 1.0, '518880': 0.0, '511260': 0.0}","{'510300': 0.0, '513100': 1.0, '518880': 0.0, '511260': 0.0}","{'510300': 0.0, '513100': 1.0, '518880': 0.0, '511260': 0.0}",0.0,0.0,-0.0060422960725075026,green,1.0,0.0,0.0,False,False,15
2024-03-18,"{'510300': 0.0, '513100': 1.0, '518880': 0.0, '511260': 0.0}","{'510300': 0.0, '513100': 1.0, '518880': 0.0, '511260': 0.0}","{'510300': 0.0, '513100': 1.0, '518880': 0.0, '511260': 0.0}",0.0,0.0,0.0,green,1.0,-0.7928813551526422,0.0152809375837804,False,True,18
2024-03-19,"{'510300': 0.0, '513100': 1.0, '518880': 0.0, '511260': 0.0}","{'510300': 0.0, '513100': 1.0, '518880': 0.0, '511260': 0.0}","{'510300': 0.0, '513100': 1.0, '518880': 0.0, '511260': 0.0}",0.0,0.0,-0.005319148936170248,green,1.0,0.0,0.0,False,False,19
2024-03-20,"{'510300': 0.0, '513100': 1.0, '518880': 0.0, '511260': 0.0}","{'510300': 0.0, '513100': 1.0, '518880': 0.0, '511260': 0.0}","{'510300': 0.0, '513100': 1.0, '518880': 0.0, '511260': 0.0}",0.0,0.0,0.0038197097020626902,green,1.0,0.0,0.0,False,False,20
2024-03-21,"{'510300': 0.0, '513100': 1.0, '518880': 0.0, '511260': 0.0}","{'510300': 0.0, '513100': 1.0, '518880': 0.0, '511260': 0.0}","{'510300': 0.0, '513100': 1.0, '518880': 0.0, '511260': 0.0}",0.0,0.0,0.017503805175038023,green,1.0,0.0,0.0,False,False,21
2024-03-22,"{'510300': 0.0, '513100': 1.0, '518880': 0.0, '511260': 0.0}","{'510300': 0.0, '513100': 1.0, '518880': 0.0, '511260': 0.0}","{'510300': 0.0, '513100': 1.0, '518880': 0.0, '511260': 0.0}",0.0,0.0,0.0007479431563202077,green,1.0,0.0,0.0,False,False,22
2024-03-25,"{'510300': 0.0, '513100': 1.0, '518880': 0.0, '511260': 0.0}","{'510300': 0.0, '513100': 1.0, '518880': 0.0, '511260': 0.0}","{'510300': 0.0, '513100': 1.0, '518880': 0.0, '511260': 0.0}",0.0,0.0,-0.002989536621823663,green,1.0,-0.7953009744493609,0.0032426907081915504,False,True,25
2024-03-26,"{'510300': 0.0, '513100': 1.0, '518880': 0.0, '511260': 0.0}","{'510300': 0.0, '513100': 1.0, '518880': 0.0, '511260': 0.0}","{'510300': 0.0, '513100': 1.0, '518880': 0.0, '511260': 0.0}",0.0,0.0,0.00524737631184391,green,1.0,0.0,0.0,False,False,26
2024-03-27,"{'510300': 0.0, '513100': 1.0, '518880': 0.0, '511260': 0.0}","{'510300': 0.0, '513100': 1.0, '518880': 0.0, '511260': 0.0}","{'510300': 0.0, '513100': 1.0, '518880': 0.0, '511260': 0.0}",0.0,0.0,0.0007457121551082135,green,1.0,0.0,0.0,False,False,27
2024-03-28,"{'510300': 0.0, '513100': 1.0, '518880': 0.0, '511260': 0.0}","{'510300': 0.0, '513100': 1.0, '518880': 0.0, '511260': 0.0}","{'510300': 0.0, '513100': 1.0, '518880': 0.0, '511260': 0.0}",0.0,0.0,-0.0022354694485843263,green,1.0,0.0,0.0,False,False,28
2024-03-29,"{'510300': 0.0, '513100': 1.0, '518880': 0.0, '511260': 0.0}","{'510300': 0.15000000000000002, '513100': 0.85, '518880': 0.0, '511260': 0.0}","{'510300': 0.0, '513100': 1.0, '518880': 0.0, '511260': 0.0}",0.30000000000000004,0.00030000000000000003,-0.0005421110024741325,yellow,0.85,0.9012414842488332,0.9379510924128208,True,False,0
2024-04-01,"{'510300': 0.0, '513100': 1.0, '518880': 0.0, '511260': 0.0}","{'510300': 0.0, '513100': 1.0, '518880': 0.0, '511260': 0.0}","{'510300': 0.15000000000000002, '513100': 0.85, '518880': 0.0, '511260': 0.0}",0.30000000000000004,0.00030000000000000003,0.00523560209424101,green,1.0,0.8357049545043335,0.8925486308851698,True,True,0
