date,w_target,w_adj,turnover,cost,port_ret,alert_level,width_z,stress
2024-01-03,"{'510300': 0.0, '513100': 0.0, '518880': 0.0, '511260': 0.0}","{'510300': 1.0, '513100': 0.0, '518880': 0.0, '511260': 0.0}",1.0,0.001,-0.0031515915537346784,red,0.0,0.9969616822156373
2024-01-04,"{'510300': 1.0, '513100': 0.0, '518880': 0.0, '511260': 0.0}","{'510300': 1.0, '513100': 0.0, '518880': 0.0, '511260': 0.0}",0.0,0.0,-0.009484666455896185,green,0.0,0.41927468825715675
2024-01-05,"{'510300': 1.0, '513100': 0.0, '518880': 0.0, '511260': 0.0}","{'510300': 1.0, '513100': 0.0, '518880': 0.0, '511260': 0.0}",0.0,0.0,-0.005426109160548975,green,0.0,0.4551676562799126
2024-01-08,"{'510300': 1.0, '513100': 0.0, '518880': 0.0, '511260': 0.0}","{'510300': 1.0, '513100': 0.0, '518880': 0.0, '511260': 0.0}",0.0,0.0,-0.015083440308087392,green,0.0,0.567419075156236
2024-01-09,"{'510300': 1.0, '513100': 0.0, '518880': 0.0, '511260': 0.0}","{'510300': 1.0, '513100': 0.0, '518880': 0.0, '511260': 0.0}",0.0,0.0,0.0026067122841315626,green,0.0,0.7795006316719855
2024-01-10,"{'510300': 1.0, '513100': 0.0, '518880': 0.0, '511260': 0.0}","{'510300': 1.0, '513100': 0.0, '518880': 0.0, '511260': 0.0}",0.0,0.0,-0.005199870003249951,green,0.0,0.0015208548687490303
2024-01-11,"{'510300': 1.0, '513100': 0.0, '518880': 0.0, '511260': 0.0}","{'510300': 1.0, '513100': 0.0, '518880': 0.0, '511260': 0.0}",0.0,0.0,0.006207121855602793,green,0.0,0.0030208090117980566
2024-01-12,"{'510300': 1.0, '513100': 0.0, '518880': 0.0, '511260': 0.0}","{'510300': 1.0, '513100': 0.0, '518880': 0.0, '511260': 0.0}",0.0,0.0,-0.0035714285714285587,green,0.0,0.0017163026678694042
2024-01-15,"{'510300': 1.0, '513100': 0.0, '518880': 0.0, '511260': 0.0}","{'510300': 1.0, '513100': 0.0, '518880': 0.0, '511260': 0.0}",0.0,0.0,-0.0013033561420657813,green,-1.1209423010454553,0.002047466731265852
2024-01-16,"{'510300': 1.0, '513100': 0.0, '518880': 0.0, '511260': 0.0}","{'510300': 1.0, '513100': 0.0, '518880': 0.0, '511260': 0.0}",0.0,0.0,0.007177814029363905,green,-1.005709110207536,0.003941390915393579
2024-01-17,"{'510300': 1.0, '513100': 0.0, '518880': 0.0, '511260': 0.0}","{'510300': 0.6, '513100': 0.4, '518880': 0.0, '511260': 0.0}",0.8,0.0008,-0.014906477582214594,red,1.6429856849537035,0.9989097170329201
2024-01-18,"{'510300': 0.6, '513100': 0.4, '518880': 0.0, '511260': 0.0}","{'510300': 0.6, '513100': 0.4, '518880': 0.0, '511260': 0.0}",0.0,0.0,0.009952611301088909,green,-0.7187798569393304,0.004728919195064761
2024-01-19,"{'510300': 0.6, '513100': 0.4, '518880': 0.0, '511260': 0.0}","{'510300': 0.6, '513100': 0.4, '518880': 0.0, '511260': 0.0}",0.0,0.0,0.009590822845798375,green,0.7882625557324167,0.645285118747869
2024-01-22,"{'510300': 0.6, '513100': 0.4, '518880': 0.0, '511260': 0.0}","{'510300': 0.36, '513100': 0.24, '518880': 0.4, '511260': 0.0}",0.8,0.0008,-0.002314775955533973,red,1.9893818256131641,0.9998845151114578
2024-01-23,"{'510300': 0.36, '513100': 0.24, '518880': 0.4, '511260': 0.0}","{'510300': 0.36, '513100': 0.24, '518880': 0.4, '511260': 0.0}",0.0,0.0,0.0015623127509813003,green,-0.4373120544462379,0.00313113883886462
2024-01-24,"{'510300': 0.36, '513100': 0.24, '518880': 0.4, '511260': 0.0}","{'510300': 0.36, '513100': 0.24, '518880': 0.4, '511260': 0.0}",0.0,0.0,0.006889174560735647,green,-0.37326424801624747,0.0051812448189279235
2024-01-25,"{'510300': 0.36, '513100': 0.24, '518880': 0.4, '511260': 0.0}","{'510300': 0.36, '513100': 0.24, '518880': 0.4, '511260': 0.0}",0.0,0.0,0.003440678466264284,green,1.393217979445101,0.7352608350613364
2024-01-26,"{'510300': 0.36, '513100': 0.24, '518880': 0.4, '511260': 0.0}","{'510300': 0.36, '513100': 0.24, '518880': 0.4, '511260': 0.0}",0.0,0.0,-0.0008424560739655803,green,-0.470879051454959,0.002645469136922928
2024-01-29,"{'510300': 0.36, '513100': 0.24, '518880': 0.4, '511260': 0.0}","{'510300': 0.36, '513100': 0.24, '518880': 0.4, '511260': 0.0}",0.0,0.0,-0.0005918039148115105,green,-0.4606475353812453,0.004461782661739465
2024-01-30,"{'510300': 0.36, '513100': 0.24, '518880': 0.4, '511260': 0.0}","{'510300': 0.216, '513100': 0.144, '518880': 0.24, '511260': 0.4}",0.8,0.0008,0.00017294142369469827,red,1.9875347190280133,0.9993514075126585
2024-01-31,"{'510300': 0.0, '513100': 1.0, '518880': 0.0, '511260': 0.0}","{'510300': 0.0, '513100': 1.0, '518880': 0.0, '511260': 0.0}",1.7120000000000002,0.0017120000000000002,-0.021671826625387025,green,1.1968183886720858,0.7298563322544055
2024-02-01,"{'510300': 0.0, '513100': 1.0, '518880': 0.0, '511260': 0.0}","{'510300': 0.0, '513100': 1.0, '518880': 0.0, '511260': 0.0}",0.0,0.0,-0.009493670886076,green,-0.4610803118618472,0.0028076434856145623
2024-02-02,"{'510300': 0.0, '513100': 1.0, '518880': 0.0, '511260': 0.0}","{'510300': 0.0, '513100': 1.0, '518880': 0.0, '511260': 0.0}",0.0,0.0,0.024760383386581486,green,1.5563350129991438,0.8588729599693257
2024-02-05,"{'510300': 0.0, '513100': 1.0, '518880': 0.0, '511260': 0.0}","{'510300': 0.4, '513100': 0.6, '518880': 0.0, '511260': 0.0}",0.8,0.0008,0.005493192679338722,red,1.780378546446852,0.9966205997603743
2024-02-06,"{'510300': 0.4, '513100': 0.6, '518880': 0.0, '511260': 0.0}","{'510300': 0.24, '513100': 0.36, '518880': 0.4, '511260': 0.0}",0.8,0.0008,0.007945308831620233,red,1.92152514846643,0.999715514415921
2024-02-07,"{'510300': 0.24, '513100': 0.36, '518880': 0.4, '511260': 0.0}","{'510300': 0.24, '513100': 0.36, '518880': 0.4, '511260': 0.0}",0.0,0.0,-0.0003240476129699178,green,-0.34530353609188635,0.004551417992793499
2024-02-08,"{'510300': 0.24, '513100': 0.36, '518880': 0.4, '511260': 0.0}","{'510300': 0.24, '513100': 0.36, '518880': 0.4, '511260': 0.0}",0.0,0.0,0.011573462217410499,green,1.0955075213963372,0.6645760445076427
2024-02-19,"{'510300': 0.24, '513100': 0.36, '518880': 0.4, '511260': 0.0}","{'510300': 0.24, '513100': 0.36, '518880': 0.4, '511260': 0.0}",0.0,0.0,-0.0014145170458151224,green,-0.3334295746028588,0.003349991793283693
2024-02-20,"{'510300': 0.24, '513100': 0.36, '518880': 0.4, '511260': 0.0}","{'510300': 0.24, '513100': 0.36, '518880': 0.4, '511260': 0.0}",0.0,0.0,0.0001805445991878241,green,-0.3693891077846142,0.0014277326085488445
2024-02-21,"{'510300': 0.24, '513100': 0.36, '518880': 0.4, '511260': 0.0}","{'510300': 0.24, '513100': 0.36, '518880': 0.4, '511260': 0.0}",0.0,0.0,-0.0011000311307709466,green,-0.31833381595582355,0.010350631457537599
2024-02-22,"{'510300': 0.24, '513100': 0.36, '518880': 0.4, '511260': 0.0}","{'510300': 0.24, '513100': 0.36, '518880': 0.4, '511260': 0.0}",0.0,0.0,0.007846453354033143,green,-0.4290308620001081,0.005315815364399767
2024-02-23,"{'510300': 0.24, '513100': 0.36, '518880': 0.4, '511260': 0.0}","{'510300': 0.24, '513100': 0.36, '518880': 0.4, '511260': 0.0}",0.0,0.0,0.0041378104523732955,green,-0.4457432846243384,0.0036275328959206156
2024-02-26,"{'510300': 0.24, '513100': 0.36, '518880': 0.4, '511260': 0.0}","{'510300': 0.24, '513100': 0.36, '518880': 0.4, '511260': 0.0}",0.0,0.0,-0.004299681976230424,green,-0.43600319484714845,0.004526387516108805
2024-02-27,"{'510300': 0.24, '513100': 0.36, '518880': 0.4, '511260': 0.0}","{'510300': 0.24, '513100': 0.36, '518880': 0.4, '511260': 0.0}",0.0,0.0,0.002064080689322445,green,-0.6158903870675665,0.0036639469602607164
2024-02-28,"{'510300': 0.24, '513100': 0.36, '518880': 0.4, '511260': 0.0}","{'510300': 0.24, '513100': 0.36, '518880': 0.4, '511260': 0.0}",0.0,0.0,-0.0018989230576108528,green,-0.601436618442379,0.0032862494276658864
2024-02-29,"{'510300': 0.0, '513100': 1.0, '518880': 0.0, '511260': 0.0}","{'510300': 0.0, '513100': 1.0, '518880': 0.0, '511260': 0.0}",1.28,0.00128,-0.006875477463712643,green,-0.5728353700805454,0.007559429925289686
2024-03-01,"{'510300': 0.0, '513100': 1.0, '518880': 0.0, '511260': 0.0}","{'510300': 0.0, '513100': 1.0, '518880': 0.0, '511260': 0.0}",0.0,0.0,0.016153846153846185,green,0.7492699383366155,0.6049446067849119
2024-03-04,"{'510300': 0.0, '513100': 1.0, '518880': 0.0, '511260': 0.0}","{'510300': 0.0, '513100': 1.0, '518880': 0.0, '511260': 0.0}",0.0,0.0,0.01362604087812258,green,0.7377425291466617,0.5619283650426408
2024-03-05,"{'510300': 0.0, '513100': 1.0, '518880': 0.0, '511260': 0.0}","{'510300': 0.0, '513100': 1.0, '518880': 0.0, '511260': 0.0}",0.0,0.0,-0.007468259895444418,green,1.045051637343927,0.6551090645536356
2024-03-06,"{'510300': 0.0, '513100': 1.0, '518880': 0.0, '511260': 0.0}","{'510300': 0.0, '513100': 1.0, '518880': 0.0, '511260': 0.0}",0.0,0.0,-0.003762227238525151,green,0.42942756132829846,0.46096156811149774
2024-03-07,"{'510300': 0.0, '513100': 1.0, '518880': 0.0, '511260': 0.0}","{'510300': 0.0, '513100': 1.0, '518880': 0.0, '511260': 0.0}",0.0,0.0,-0.006797583081571079,green,0.8328035364699294,0.6372606392367645
2024-03-08,"{'510300': 0.0, '513100': 1.0, '518880': 0.0, '511260': 0.0}","{'510300': 0.0, '513100': 1.0, '518880': 0.0, '511260': 0.0}",0.0,0.0,0.016730038022813698,green,-0.6056298117883078,0.005118564724420906
2024-03-11,"{'510300': 0.0, '513100': 1.0, '518880': 0.0, '511260': 0.0}","{'510300': 0.0, '513100': 1.0, '518880': 0.0, '511260': 0.0}",0.0,0.0,-0.014958863126402377,green,-0.623244195013976,0.012018014377798276
2024-03-12,"{'510300': 0.0, '513100': 1.0, '518880': 0.0, '511260': 0.0}","{'510300': 0.0, '513100': 1.0, '518880': 0.0, '511260': 0.0}",0.0,0.0,0.0037965072133638866,green,0.13892204765318353,0.3746327607232954
2024-03-13,"{'510300': 0.0, '513100': 1.0, '518880': 0.0, '511260': 0.0}","{'510300': 0.0, '513100': 1.0, '518880': 0.0, '511260': 0.0}",0.0,0.0,0.00605143721633894,green,-0.8264516498876603,0.0026071399343926215
2024-03-14,"{'510300': 0.0, '513100': 1.0, '518880': 0.0, '511260': 0.0}","{'510300': 0.0, '513100': 1.0, '518880': 0.0, '511260': 0.0}",0.0,0.0,-0.004511278195488688,green,-0.8466322889274077,0.0016091851438587903
2024-03-15,"{'510300': 0.0, '513100': 1.0, '518880': 0.0, '511260': 0.0}","{'510300': 0.0, '513100': 1.0, '518880': 0.0, '511260': 0.0}",0.0,0.0,-0.0060422960725075026,green,-0.9166933105206466,0.002362838003972261
2024-03-18,"{'510300': 0.0, '513100': 1.0, '518880': 0.0, '511260': 0.0}","{'510300': 0.0, '513100': 1.0, '518880': 0.0, '511260': 0.0}",0.0,0.0,0.0,green,-0.8857310304743576,0.003974870915602977
2024-03-19,"{'510300': 0.0, '513100': 1.0, '518880': 0.0, '511260': 0.0}","{'510300': 0.0, '513100': 1.0, '518880': 0.0, '511260': 0.0}",0.0,0.0,-0.005319148936170248,green,-0.864375837774877,0.002455038071227256
2024-03-20,"{'510300': 0.0, '513100': 1.0, '518880': 0.0, '511260': 0.0}","{'510300': 0.0, '513100': 1.0, '518880': 0.0, '511260': 0.0}",0.0,0.0,0.0038197097020626902,green,-0.94292758505156,0.0013638623541837207
2024-03-21,"{'510300': 0.0, '513100': 1.0, '518880': 0.0, '511260': 0.0}","{'510300': 0.4, '513100': 0.6, '518880': 0.0, '511260': 0.0}",0.8,0.0008,0.010264258707522032,red,1.5833840120330924,0.9987750497587453
2024-03-22,"{'510300': 0.4, '513100': 0.6, '518880': 0.0, '511260': 0.0}","{'510300': 0.4, '513100': 0.6, '518880': 0.0, '511260': 0.0}",0.0,0.0,-0.0032428089796821434,green,-0.791026299593271,0.002490871566908261
2024-03-25,"{'510300': 0.4, '513100': 0.6, '518880': 0.0, '511260': 0.0}","{'510300': 0.4, '513100': 0.6, '518880': 0.0, '511260': 0.0}",0.0,0.0,-0.004077375819247986,green,-0.8396104478744244,0.0017478865035371529
2024-03-26,"{'510300': 0.4, '513100': 0.6, '518880': 0.0, '511260': 0.0}","{'510300': 0.4, '513100': 0.6, '518880': 0.0, '511260': 0.0}",0.0,0.0,0.004478132647184862,green,-0.8881146798393019,0.0013842912182070364
2024-03-27,"{'510300': 0.4, '513100': 0.6, '518880': 0.0, '511260': 0.0}","{'510300': 0.4, '513100': 0.6, '518880': 0.0, '511260': 0.0}",0.0,0.0,-0.004130885959947106,green,-0.8812113687880632,0.003977811964393992
2024-03-28,"{'510300': 0.4, '513100': 0.6, '518880': 0.0, '511260': 0.0}","{'510300': 0.4, '513100': 0.6, '518880': 0.0, '511260': 0.0}",0.0,0.0,0.000730625704402077,green,-0.9598471487442903,0.002341398580523872
2024-03-29,"{'510300': 0.4, '513100': 0.6, '518880': 0.0, '511260': 0.0}","{'510300': 0.4, '513100': 0.6, '518880': 0.0, '511260': 0.0}",0.0,0.0,0.001043790625217156,green,0.41911184582483396,0.65367250038933
2024-04-01,"{'510300': 0.4, '513100': 0.6, '518880': 0.0, '511260': 0.0}","{'510300': 0.4, '513100': 0.6, '518880': 0.0, '511260': 0.0}",0.0,0.0,0.010139852960918728,green,0.2986025106936259,0.5792058556838041
2024-04-02,"{'510300': 0.4, '513100': 0.6, '518880': 0.0, '511260': 0.0}","{'510300': 0.4, '513100': 0.6, '518880': 0.0, '511260': 0.0}",0.0,0.0,-0.0032087798060226103,green,-0.9744174296129993,0.0014168450202551354
2024-04-03,"{'510300': 0.4, '513100': 0.6, '518880': 0.0, '511260': 0.0}","{'510300': 0.24, '513100': 0.36, '518880': 0.4, '511260': 0.0}",0.8,0.0008,0.001090237441332232,red,1.3665266041937743,0.9985077613645387
2024-04-08,"{'510300': 0.24, '513100': 0.36, '518880': 0.4, '511260': 0.0}","{'510300': 0.204, '513100': 0.306, '518880': 0.34, '511260': 0.1499999999999999}",0.29999999999999993,0.0002999999999999999,0.00605993935753492,yellow,1.0968343848040087,0.8358403980121275
2024-04-09,"{'510300': 0.204, '513100': 0.306, '518880': 0.34, '511260': 0.1499999999999999}","{'510300': 0.204, '513100': 0.306, '518880': 0.34, '511260': 0.1499999999999999}",0.0,0.0,0.0012159293014326407,green,-0.8893993371788999,0.0013261168332486994
2024-04-10,"{'510300': 0.204, '513100': 0.306, '518880': 0.34, '511260': 0.1499999999999999}","{'510300': 0.204, '513100': 0.306, '518880': 0.34, '511260': 0.1499999999999999}",0.0,0.0,0.0006357064595878865,green,-0.9893648697330345,0.0028119827839456248
2024-04-11,"{'510300': 0.204, '513100': 0.306, '518880': 0.34, '511260': 0.1499999999999999}","{'510300': 0.204, '513100': 0.306, '518880': 0.34, '511260': 0.1499999999999999}",0.0,0.0,-0.005488223295420357,green,-0.9742198971417658,0.0022958692668444696
2024-04-12,"{'510300': 0.204, '513100': 0.306, '518880': 0.34, '511260': 0.1499999999999999}","{'510300': 0.12239999999999998, '513100': 0.18359999999999999, '518880': 0.20400000000000001, '511260': 0.49}",0.6800000000000002,0.0006800000000000002,0.008622405862025496,red,1.6032083157565888,0.9999986561579564
2024-04-15,"{'510300': 0.12239999999999998, '513100': 0.18359999999999999, '518880': 0.20400000000000001, '511260': 0.49}","{'510300': 0.47344, '513100': 0.11016, '518880': 0.12240000000000001, '511260': 0.294}",0.70208,0.00070208,0.007974026611282438,red,1.9492288520210403,0.9996339515973601
2024-04-16,"{'510300': 0.47344, '513100': 0.11016, '518880': 0.12240000000000001, '511260': 0.294}","{'510300': 0.402424, '513100': 0.24363600000000002, '518880': 0.10404000000000001, '511260': 0.24989999999999998}",0.2669520000000001,0.0002669520000000001,-0.009774584721742637,yellow,1.7467754843484713,0.857078262663952
2024-04-17,"{'510300': 0.402424, '513100': 0.24363600000000002, '518880': 0.10404000000000001, '511260': 0.24989999999999998}","{'510300': 0.402424, '513100': 0.24363600000000002, '518880': 0.10404000000000001, '511260': 0.24989999999999998}",0.0,0.0,0.005690812935817712,green,-0.3560587480907667,0.003811654199765119
2024-04-18,"{'510300': 0.402424, '513100': 0.24363600000000002, '518880': 0.10404000000000001, '511260': 0.24989999999999998}","{'510300': 0.402424, '513100': 0.24363600000000002, '518880': 0.10404000000000001, '511260': 0.24989999999999998}",0.0,0.0,0.0002953262308993282,green,0.22582124259302608,0.3068972762727001
2024-04-19,"{'510300': 0.402424, '513100': 0.24363600000000002, '518880': 0.10404000000000001, '511260': 0.24989999999999998}","{'510300': 0.402424, '513100': 0.24363600000000002, '518880': 0.10404000000000001, '511260': 0.24989999999999998}",0.0,0.0,-0.007535441863129978,green,1.3240217964591285,0.7175073912310886
2024-04-22,"{'510300': 0.402424, '513100': 0.24363600000000002, '518880': 0.10404000000000001, '511260': 0.24989999999999998}","{'510300': 0.402424, '513100': 0.24363600000000002, '518880': 0.10404000000000001, '511260': 0.24989999999999998}",0.0,0.0,-0.004247458278236148,green,1.1062485802858384,0.6390838011765252
2024-04-23,"{'510300': 0.402424, '513100': 0.24363600000000002, '518880': 0.10404000000000001, '511260': 0.24989999999999998}","{'510300': 0.24145439999999999, '513100': 0.1461816, '518880': 0.462424, '511260': 0.14994}",0.7167680000000001,0.0007167680000000001,-0.012492623227029011,red,2.2827871592129023,0.9991446520882656
2024-04-24,"{'510300': 0.24145439999999999, '513100': 0.1461816, '518880': 0.462424, '511260': 0.14994}","{'510300': 0.14487264, '513100': 0.48770896000000014, '518880': 0.2774544, '511260': 0.08996399999999999}",0.6830547200000001,0.0006830547200000002,0.014740086367477473,red,2.415556764624245,0.998987480996951
2024-04-25,"{'510300': 0.14487264, '513100': 0.48770896000000014, '518880': 0.2774544, '511260': 0.08996399999999999}","{'510300': 0.14487264, '513100': 0.48770896000000014, '518880': 0.2774544, '511260': 0.08996399999999999}",0.0,0.0,-0.007409220560480418,green,-0.11059235949523728,0.0058791633419988595
2024-04-26,"{'510300': 0.14487264, '513100': 0.48770896000000014, '518880': 0.2774544, '511260': 0.08996399999999999}","{'510300': 0.086923584, '513100': 0.29262537600000005, '518880': 0.16647263999999998, '511260': 0.4539784}",0.7280288000000001,0.0007280288000000002,0.006592493595888076,red,2.4632287359781357,0.9980402780986931
2024-04-29,"{'510300': 0.086923584, '513100': 0.29262537600000005, '518880': 0.16647263999999998, '511260': 0.4539784}","{'510300': 0.086923584, '513100': 0.29262537600000005, '518880': 0.16647263999999998, '511260': 0.4539784}",0.0,0.0,-0.000435667959934091,green,1.4672272179209191,0.6526161027514918
2024-04-30,"{'510300': 0.0, '513100': 1.0, '518880': 0.0, '511260': 0.0}","{'510300': 0.0, '513100': 1.0, '518880': 0.0, '511260': 0.0}",1.414749248,0.001414749248,0.0007704160246533309,green,0.700102644498214,0.36841004662999405
2024-05-06,"{'510300': 0.0, '513100': 1.0, '518880': 0.0, '511260': 0.0}","{'510300': 0.0, '513100': 1.0, '518880': 0.0, '511260': 0.0}",0.0,0.0,0.002309468822170979,green,1.2707236896362057,0.6243119577168934
2024-05-07,"{'510300': 0.0, '513100': 1.0, '518880': 0.0, '511260': 0.0}","{'510300': 0.0, '513100': 1.0, '518880': 0.0, '511260': 0.0}",0.0,0.0,0.009984639016896946,green,-0.15530781990454037,0.002125639987712031
2024-05-08,"{'510300': 0.0, '513100': 1.0, '518880': 0.0, '511260': 0.0}","{'510300': 0.0, '513100': 1.0, '518880': 0.0, '511260': 0.0}",0.0,0.0,0.001520912547528619,green,-0.17557477733105067,0.002345274336791126
2024-05-09,"{'510300': 0.0, '513100': 1.0, '518880': 0.0, '511260': 0.0}","{'510300': 0.0, '513100': 1.0, '518880': 0.0, '511260': 0.0}",0.0,0.0,-0.00227790432801811,green,-0.2482322577796225,0.003257604240563646
2024-05-10,"{'510300': 0.0, '513100': 1.0, '518880': 0.0, '511260': 0.0}","{'510300': 0.0, '513100': 1.0, '518880': 0.0, '511260': 0.0}",0.0,0.0,0.0053272450532724225,green,1.4985055841657804,0.7311892636362065
2024-05-13,"{'510300': 0.0, '513100': 1.0, '518880': 0.0, '511260': 0.0}","{'510300': 0.0, '513100': 1.0, '518880': 0.0, '511260': 0.0}",0.0,0.0,0.0037850113550341735,green,-0.20842481775759042,0.0021950513741218073
2024-05-14,"{'510300': 0.0, '513100': 1.0, '518880': 0.0, '511260': 0.0}","{'510300': 0.0, '513100': 1.0, '518880': 0.0, '511260': 0.0}",0.0,0.0,0.0,green,-0.22978913650372892,0.0011060805672517711
2024-05-15,"{'510300': 0.0, '513100': 1.0, '518880': 0.0, '511260': 0.0}","{'510300': 0.0, '513100': 1.0, '518880': 0.0, '511260': 0.0}",0.0,0.0,0.006787330316742057,green,-0.34530220036074905,0.004071950297630539
2024-05-16,"{'510300': 0.0, '513100': 1.0, '518880': 0.0, '511260': 0.0}","{'510300': 0.0, '513100': 1.0, '518880': 0.0, '511260': 0.0}",0.0,0.0,0.017228464419475786,green,0.7992903006879242,0.5745237282669907
2024-05-17,"{'510300': 0.0, '513100': 1.0, '518880': 0.0, '511260': 0.0}","{'510300': 0.0, '513100': 1.0, '518880': 0.0, '511260': 0.0}",0.0,0.0,-0.0022091310751105597,green,-0.5431724560712545,0.0036702169380817946
2024-05-20,"{'510300': 0.0, '513100': 1.0, '518880': 0.0, '511260': 0.0}","{'510300': 0.0, '513100': 1.0, '518880': 0.0, '511260': 0.0}",0.0,0.0,0.0014760147601475815,green,1.1979083960500088,0.7513793980871156
2024-05-21,"{'510300': 0.0, '513100': 1.0, '518880': 0.0, '511260': 0.0}","{'510300': 0.0, '513100': 1.0, '518880': 0.0, '511260': 0.0}",0.0,0.0,0.005158437730287568,green,-0.46436520656715563,0.004231123939553847
2024-05-22,"{'510300': 0.0, '513100': 1.0, '518880': 0.0, '511260': 0.0}","{'510300': 0.0, '513100': 1.0, '518880': 0.0, '511260': 0.0}",0.0,0.0,0.003665689149560114,green,-0.5976829324126571,0.001125093880615478
2024-05-23,"{'510300': 0.0, '513100': 1.0, '518880': 0.0, '511260': 0.0}","{'510300': 0.0, '513100': 1.0, '518880': 0.0, '511260': 0.0}",0.0,0.0,0.008765522279035709,green,1.312065745509023,0.8366039599450371
2024-05-24,"{'510300': 0.0, '513100': 1.0, '518880': 0.0, '511260': 0.0}","{'510300': 0.0, '513100': 1.0, '518880': 0.0, '511260': 0.0}",0.0,0.0,-0.016654598117306185,green,0.546857692236555,0.5268303780362726
2024-05-27,"{'510300': 0.0, '513100': 1.0, '518880': 0.0, '511260': 0.0}","{'510300': 0.0, '513100': 1.0, '518880': 0.0, '511260': 0.0}",0.0,0.0,0.01178203240058906,green,-0.6212723920575494,0.002758081769582795
2024-05-28,"{'510300': 0.0, '513100': 1.0, '518880': 0.0, '511260': 0.0}","{'510300': 0.0, '513100': 1.0, '518880': 0.0, '511260': 0.0}",0.0,0.0,0.004366812227074135,green,-0.7036332388936706,0.002393140208824101
2024-05-29,"{'510300': 0.0, '513100': 1.0, '518880': 0.0, '511260': 0.0}","{'510300': 0.0, '513100': 1.0, '518880': 0.0, '511260': 0.0}",0.0,0.0,-0.004347826086956386,green,-0.79782329293516,0.00232552623717296
2024-05-30,"{'510300': 0.0, '513100': 1.0, '518880': 0.0, '511260': 0.0}","{'510300': 0.0, '513100': 1.0, '518880': 0.0, '511260': 0.0}",0.0,0.0,-0.01091703056768567,green,-0.8213840979411707,0.0026395125723603333
2024-05-31,"{'510300': 0.0, '513100': 1.0, '518880': 0.0, '511260': 0.0}","{'510300': 0.0, '513100': 1.0, '518880': 0.0, '511260': 0.0}",0.0,0.0,-0.004415011037527616,green,-0.8219487838845264,0.0022153457652049797
2024-06-03,"{'510300': 0.0, '513100': 1.0, '518880': 0.0, '511260': 0.0}","{'510300': 0.0, '513100': 1.0, '518880': 0.0, '511260': 0.0}",0.0,0.0,0.0044345898004434225,green,-0.8595746993522784,0.002997757113415463
2024-06-04,"{'510300': 0.0, '513100': 1.0, '518880': 0.0, '511260': 0.0}","{'510300': 0.0, '513100': 1.0, '518880': 0.0, '511260': 0.0}",0.0,0.0,-0.0029433406916851146,green,-0.8350184896949637,0.003099070459677467
2024-06-05,"{'510300': 0.0, '513100': 1.0, '518880': 0.0, '511260': 0.0}","{'510300': 0.0, '513100': 1.0, '518880': 0.0, '511260': 0.0}",0.0,0.0,0.00811808118081192,green,-0.8325095653796469,0.0029953886916919657
2024-06-06,"{'510300': 0.0, '513100': 1.0, '518880': 0.0, '511260': 0.0}","{'510300': 0.0, '513100': 1.0, '518880': 0.0, '511260': 0.0}",0.0,0.0,0.019765739385065872,green,0.5519758069634166,0.6852379203549226
2024-06-07,"{'510300': 0.0, '513100': 1.0, '518880': 0.0, '511260': 0.0}","{'510300': 0.0, '513100': 1.0, '518880': 0.0, '511260': 0.0}",0.0,0.0,0.00071787508973431,green,-0.8511409474329272,0.0019326525852873069
2024-06-11,"{'510300': 0.0, '513100': 1.0, '518880': 0.0, '511260': 0.0}","{'510300': 0.0, '513100': 1.0, '518880': 0.0, '511260': 0.0}",0.0,0.0,0.0007173601147776321,green,1.0547334886129378,0.851202187392128
2024-06-12,"{'510300': 0.0, '513100': 1.0, '518880': 0.0, '511260': 0.0}","{'510300': 0.0, '513100': 1.0, '518880': 0.0, '511260': 0.0}",0.0,0.0,0.009318996415770497,green,-0.6936163070710751,0.0025793773823495998
2024-06-13,"{'510300': 0.0, '513100': 1.0, '518880': 0.0, '511260': 0.0}","{'510300': 0.0, '513100': 1.0, '518880': 0.0, '511260': 0.0}",0.0,0.0,0.019886363636363757,green,0.739796021302828,0.7163627828863688
2024-06-14,"{'510300': 0.0, '513100': 1.0, '518880': 0.0, '511260': 0.0}","{'510300': 0.0, '513100': 1.0, '518880': 0.0, '511260': 0.0}",0.0,0.0,-0.0006963788300834439,green,-0.7533752337177484,0.001672437168853923
2024-06-17,"{'510300': 0.0, '513100': 1.0, '518880': 0.0, '511260': 0.0}","{'510300': 0.0, '513100': 1.0, '518880': 0.0, '511260': 0.0}",0.0,0.0,0.004181184668989646,green,-0.8390463455525454,0.0016518142573937393
2024-06-18,"{'510300': 0.0, '513100': 1.0, '518880': 0.0, '511260': 0.0}","{'510300': 0.0, '513100': 1.0, '518880': 0.0, '511260': 0.0}",0.0,0.0,0.013185287994448291,green,-0.9290523689074821,0.003067173647941306
2024-06-19,"{'510300': 0.0, '513100': 1.0, '518880': 0.0, '511260': 0.0}","{'510300': 0.0, '513100': 1.0, '518880': 0.0, '511260': 0.0}",0.0,0.0,0.00136986301369868,green,-0.969723988372721,0.0016249314149750914
2024-06-20,"{'510300': 0.0, '513100': 1.0, '518880': 0.0, '511260': 0.0}","{'510300': 0.0, '513100': 1.0, '518880': 0.0, '511260': 0.0}",0.0,0.0,0.0068399452804377425,green,-0.9634895987722111,0.003964673545563531
2024-06-21,"{'510300': 0.0, '513100': 1.0, '518880': 0.0, '511260': 0.0}","{'510300': 0.0, '513100': 1.0, '518880': 0.0, '511260': 0.0}",0.0,0.0,-0.014945652173913082,green,-0.9819797583371398,0.005235197417537291
2024-06-24,"{'510300': 0.0, '513100': 1.0, '518880': 0.0, '511260': 0.0}","{'510300': 0.0, '513100': 1.0, '518880': 0.0, '511260': 0.0}",0.0,0.0,-0.004137931034482789,green,-0.11286369310690851,0.5427070031952039
2024-06-25,"{'510300': 0.0, '513100': 1.0, '518880': 0.0, '511260': 0.0}","{'510300': 0.0, '513100': 1.0, '518880': 0.0, '511260': 0.0}",0.0,0.0,-0.010387811634348987,green,-1.0813178243091917,0.0032231962980627787
2024-06-26,"{'510300': 0.0, '513100': 1.0, '518880': 0.0, '511260': 0.0}","{'510300': 0.0, '513100': 1.0, '518880': 0.0, '511260': 0.0}",0.0,0.0,0.018894331700489708,green,0.27867391819868265,0.7133099513782372
2024-06-27,"{'510300': 0.0, '513100': 1.0, '518880': 0.0, '511260': 0.0}","{'510300': 0.0, '513100': 1.0, '518880': 0.0, '511260': 0.0}",0.0,0.0,-0.0006868131868130734,green,-1.0674719690005596,0.0018694317691950128
2024-06-28,"{'510300': 0.0, '513100': 1.0, '518880': 0.0, '511260': 0.0}","{'510300': 0.0, '513100': 1.0, '518880': 0.0, '511260': 0.0}",0.0,0.0,0.013745704467353903,green,-1.0712931358893858,0.003317224212572023
2024-07-01,"{'510300': 0.0, '513100': 1.0, '518880': 0.0, '511260': 0.0}","{'510300': 0.0, '513100': 1.0, '518880': 0.0, '511260': 0.0}",0.0,0.0,-0.0013559322033898091,green,-0.5005531758822381,0.337861452502091
2024-07-02,"{'510300': 0.0, '513100': 1.0, '518880': 0.0, '511260': 0.0}","{'510300': 0.0, '513100': 1.0, '518880': 0.0, '511260': 0.0}",0.0,0.0,0.0006788866259332949,green,-1.0693058440954775,0.0011847164714649837
2024-07-03,"{'510300': 0.0, '513100': 1.0, '518880': 0.0, '511260': 0.0}","{'510300': 0.0, '513100': 1.0, '518880': 0.0, '511260': 0.0}",0.0,0.0,0.01831750339213012,green,0.022776963345777508,0.6370718926133124
2024-07-04,"{'510300': 0.0, '513100': 1.0, '518880': 0.0, '511260': 0.0}","{'510300': 0.0, '513100': 1.0, '518880': 0.0, '511260': 0.0}",0.0,0.0,0.005996002664890199,green,-1.0892642280813791,0.0024391264069356755
2024-07-05,"{'510300': 0.0, '513100': 1.0, '518880': 0.0, '511260': 0.0}","{'510300': 0.0, '513100': 1.0, '518880': 0.0, '511260': 0.0}",0.0,0.0,0.012582781456953684,green,-0.14395693484589392,0.5763512524592102
2024-07-08,"{'510300': 0.0, '513100': 1.0, '518880': 0.0, '511260': 0.0}","{'510300': 0.0, '513100': 1.0, '518880': 0.0, '511260': 0.0}",0.0,0.0,0.01504251144538915,green,0.08758624995858219,0.675657685175451
2024-07-09,"{'510300': 0.0, '513100': 1.0, '518880': 0.0, '511260': 0.0}","{'510300': 0.4, '513100': 0.6, '518880': 0.0, '511260': 0.0}",0.8,0.0008,0.01077756204599032,red,0.5889010323145483,0.9972180433868174
2024-07-10,"{'510300': 0.4, '513100': 0.6, '518880': 0.0, '511260': 0.0}","{'510300': 0.4, '513100': 0.6, '518880': 0.0, '511260': 0.0}",0.0,0.0,-0.008634656316514321,green,-1.2494776387968547,0.0048960120171192886
2024-07-11,"{'510300': 0.4, '513100': 0.6, '518880': 0.0, '511260': 0.0}","{'510300': 0.4, '513100': 0.6, '518880': 0.0, '511260': 0.0}",0.0,0.0,0.008371234875139421,green,-0.4022390098168458,0.47297316734305106
2024-07-12,"{'510300': 0.4, '513100': 0.6, '518880': 0.0, '511260': 0.0}","{'510300': 0.34, '513100': 0.51, '518880': 0.1499999999999999, '511260': 0.0}",0.2999999999999999,0.00029999999999999987,-0.01882842408017069,yellow,1.2200599556606233,0.9668660371253203
2024-07-15,"{'510300': 0.34, '513100': 0.51, '518880': 0.1499999999999999, '511260': 0.0}","{'510300': 0.28900000000000003, '513100': 0.4335, '518880': 0.12749999999999992, '511260': 0.15000000000000002}",0.30000000000000004,0.00030000000000000003,0.0143022349512523,yellow,1.1835423138787013,0.8771748833115854
2024-07-16,"{'510300': 0.28900000000000003, '513100': 0.4335, '518880': 0.12749999999999992, '511260': 0.15000000000000002}","{'510300': 0.28900000000000003, '513100': 0.4335, '518880': 0.12749999999999992, '511260': 0.15000000000000002}",0.0,0.0,0.00277807959966448,green,0.272487516825425,0.5039434978831673
2024-07-17,"{'510300': 0.28900000000000003, '513100': 0.4335, '518880': 0.12749999999999992, '511260': 0.15000000000000002}","{'510300': 0.28900000000000003, '513100': 0.4335, '518880': 0.12749999999999992, '511260': 0.15000000000000002}",0.0,0.0,-0.0017036957071607855,green,0.6290094682429784,0.6402365441956318
2024-07-18,"{'510300': 0.28900000000000003, '513100': 0.4335, '518880': 0.12749999999999992, '511260': 0.15000000000000002}","{'510300': 0.28900000000000003, '513100': 0.4335, '518880': 0.12749999999999992, '511260': 0.15000000000000002}",0.0,0.0,-0.00603556911045253,green,-0.662887829895615,0.007923612501937563
2024-07-19,"{'510300': 0.28900000000000003, '513100': 0.4335, '518880': 0.12749999999999992, '511260': 0.15000000000000002}","{'510300': 0.28900000000000003, '513100': 0.4335, '518880': 0.12749999999999992, '511260': 0.15000000000000002}",0.0,0.0,-0.008334431153084524,green,1.621713963758783,0.8721464162115887
2024-07-22,"{'510300': 0.28900000000000003, '513100': 0.4335, '518880': 0.12749999999999992, '511260': 0.15000000000000002}","{'510300': 0.28900000000000003, '513100': 0.4335, '518880': 0.12749999999999992, '511260': 0.15000000000000002}",0.0,0.0,-0.004609181747645901,green,-0.46306256800430495,0.002431413567774651
2024-07-23,"{'510300': 0.28900000000000003, '513100': 0.4335, '518880': 0.12749999999999992, '511260': 0.15000000000000002}","{'510300': 0.28900000000000003, '513100': 0.4335, '518880': 0.12749999999999992, '511260': 0.15000000000000002}",0.0,0.0,-0.002227497881587909,green,1.7465431288498843,0.8067664464505316
2024-07-24,"{'510300': 0.28900000000000003, '513100': 0.4335, '518880': 0.12749999999999992, '511260': 0.15000000000000002}","{'510300': 0.28900000000000003, '513100': 0.4335, '518880': 0.12749999999999992, '511260': 0.15000000000000002}",0.0,0.0,-0.008630797752453262,green,-0.2337290206158754,0.016723876251473077
2024-07-25,"{'510300': 0.28900000000000003, '513100': 0.4335, '518880': 0.12749999999999992, '511260': 0.15000000000000002}","{'510300': 0.17340000000000003, '513100': 0.2601, '518880': 0.4765000000000001, '511260': 0.09000000000000001}",0.6980000000000003,0.0006980000000000003,-0.02044612418478858,red,2.901891357340937,0.9993525441678807
2024-07-26,"{'510300': 0.17340000000000003, '513100': 0.2601, '518880': 0.4765000000000001, '511260': 0.09000000000000001}","{'510300': 0.17340000000000003, '513100': 0.2601, '518880': 0.4765000000000001, '511260': 0.09000000000000001}",0.0,0.0,0.003376079146184332,green,-0.014715775998390607,0.0012573442435200191
2024-07-29,"{'510300': 0.17340000000000003, '513100': 0.2601, '518880': 0.4765000000000001, '511260': 0.09000000000000001}","{'510300': 0.17340000000000003, '513100': 0.2601, '518880': 0.4765000000000001, '511260': 0.09000000000000001}",0.0,0.0,0.007469987562177114,green,0.055141685935389075,0.009406105032704537
2024-07-30,"{'510300': 0.17340000000000003, '513100': 0.2601, '518880': 0.4765000000000001, '511260': 0.09000000000000001}","{'510300': 0.17340000000000003, '513100': 0.2601, '518880': 0.4765000000000001, '511260': 0.09000000000000001}",0.0,0.0,-0.003641934822123646,green,0.06844100461429704,0.003388841347379556
2024-07-31,"{'510300': 0.0, '513100': 1.0, '518880': 0.0, '511260': 0.0}","{'510300': 0.0, '513100': 1.0, '518880': 0.0, '511260': 0.0}",1.4798000000000002,0.0014798,0.006338028169014187,green,2.06187248873812,0.6799880848957105
2024-08-01,"{'510300': 0.0, '513100': 1.0, '518880': 0.0, '511260': 0.0}","{'510300': 0.0, '513100': 1.0, '518880': 0.0, '511260': 0.0}",0.0,0.0,0.023792862141357674,green,0.2846224057129175,0.014911795739724022
2024-08-02,"{'510300': 0.0, '513100': 1.0, '518880': 0.0, '511260': 0.0}","{'510300': 0.15000000000000002, '513100': 0.85, '518880': 0.0, '511260': 0.0}",0.30000000000000004,0.00030000000000000003,-0.0405772293592395,yellow,3.2412695049271654,0.9724137720772438
2024-08-05,"{'510300': 0.15000000000000002, '513100': 0.85, '518880': 0.0, '511260': 0.0}","{'510300': 0.09000000000000001, '513100': 0.51, '518880': 0.4, '511260': 0.0}",0.8,0.0008,-0.05100549851402788,red,3.923368902433325,0.9999999773369691
2024-08-06,"{'510300': 0.09000000000000001, '513100': 0.51, '518880': 0.4, '511260': 0.0}","{'510300': 0.07650000000000001, '513100': 0.4335, '518880': 0.34, '511260': 0.1499999999999999}",0.29999999999999993,0.0002999999999999999,0.01217170325211567,yellow,3.4042793811515204,0.9451112542506334
2024-08-07,"{'510300': 0.07650000000000001, '513100': 0.4335, '518880': 0.34, '511260': 0.1499999999999999}","{'510300': 0.07650000000000001, '513100': 0.4335, '518880': 0.34, '511260': 0.1499999999999999}",0.0,0.0,0.0024813997314938633,green,1.509182204967841,0.32242973589005436
2024-08-08,"{'510300': 0.07650000000000001, '513100': 0.4335, '518880': 0.34, '511260': 0.1499999999999999}","{'510300': 0.07650000000000001, '513100': 0.4335, '518880': 0.34, '511260': 0.1499999999999999}",0.0,0.0,-0.007100537357442387,green,1.943078601323907,0.5524771749803371
2024-08-09,"{'510300': 0.07650000000000001, '513100': 0.4335, '518880': 0.34, '511260': 0.1499999999999999}","{'510300': 0.07650000000000001, '513100': 0.4335, '518880': 0.34, '511260': 0.1499999999999999}",0.0,0.0,0.014263213668341488,green,0.7285937535813596,0.018946412131146322
2024-08-12,"{'510300': 0.07650000000000001, '513100': 0.4335, '518880': 0.34, '511260': 0.1499999999999999}","{'510300': 0.07650000000000001, '513100': 0.4335, '518880': 0.34, '511260': 0.1499999999999999}",0.0,0.0,0.006293406108338041,green,1.9416047670920429,0.597438161399772
2024-08-13,"{'510300': 0.07650000000000001, '513100': 0.4335, '518880': 0.34, '511260': 0.1499999999999999}","{'510300': 0.07650000000000001, '513100': 0.4335, '518880': 0.34, '511260': 0.1499999999999999}",0.0,0.0,0.007351214176219336,green,0.5989828442800065,0.0020150392612057195
2024-08-14,"{'510300': 0.07650000000000001, '513100': 0.4335, '518880': 0.34, '511260': 0.1499999999999999}","{'510300': 0.07650000000000001, '513100': 0.4335, '518880': 0.34, '511260': 0.1499999999999999}",0.0,0.0,0.009499835428823081,green,0.6308492107616419,0.01879471694731399
2024-08-15,"{'510300': 0.07650000000000001, '513100': 0.4335, '518880': 0.34, '511260': 0.1499999999999999}","{'510300': 0.07650000000000001, '513100': 0.4335, '518880': 0.34, '511260': 0.1499999999999999}",0.0,0.0,0.0026831559054281548,green,0.5814965250686771,0.0037628577244396104
2024-08-16,"{'510300': 0.07650000000000001, '513100': 0.4335, '518880': 0.34, '511260': 0.1499999999999999}","{'510300': 0.07650000000000001, '513100': 0.4335, '518880': 0.34, '511260': 0.1499999999999999}",0.0,0.0,0.015140036985325948,green,0.5899830655260128,0.026773983669167514
2024-08-19,"{'510300': 0.07650000000000001, '513100': 0.4335, '518880': 0.34, '511260': 0.1499999999999999}","{'510300': 0.07650000000000001, '513100': 0.4335, '518880': 0.34, '511260': 0.1499999999999999}",0.0,0.0,-0.0037767740059962206,green,0.5699673764997736,0.01276631189357388
2024-08-20,"{'510300': 0.07650000000000001, '513100': 0.4335, '518880': 0.34, '511260': 0.1499999999999999}","{'510300': 0.07650000000000001, '513100': 0.4335, '518880': 0.34, '511260': 0.1499999999999999}",0.0,0.0,0.007371662112279844,green,0.4835088784311154,0.007793732163433844
2024-08-21,"{'510300': 0.07650000000000001, '513100': 0.4335, '518880': 0.34, '511260': 0.1499999999999999}","{'510300': 0.07650000000000001, '513100': 0.4335, '518880': 0.34, '511260': 0.1499999999999999}",0.0,0.0,0.0012482197436475093,green,0.3989804737629727,0.0019643923118348606
2024-08-22,"{'510300': 0.07650000000000001, '513100': 0.4335, '518880': 0.34, '511260': 0.1499999999999999}","{'510300': 0.07650000000000001, '513100': 0.4335, '518880': 0.34, '511260': 0.1499999999999999}",0.0,0.0,-0.00017060638569174158,green,0.23490293897640963,0.0015165321895612906
2024-08-23,"{'510300': 0.07650000000000001, '513100': 0.4335, '518880': 0.34, '511260': 0.1499999999999999}","{'510300': 0.07650000000000001, '513100': 0.4335, '518880': 0.34, '511260': 0.1499999999999999}",0.0,0.0,-0.0048908018917959385,green,0.20639203107072446,0.003136009674315513
2024-08-26,"{'510300': 0.07650000000000001, '513100': 0.4335, '518880': 0.34, '511260': 0.1499999999999999}","{'510300': 0.07650000000000001, '513100': 0.4335, '518880': 0.34, '511260': 0.1499999999999999}",0.0,0.0,0.0030276103032387306,green,0.14575205341623612,0.0016022046580614214
2024-08-27,"{'510300': 0.07650000000000001, '513100': 0.4335, '518880': 0.34, '511260': 0.1499999999999999}","{'510300': 0.07650000000000001, '513100': 0.4335, '518880': 0.34, '511260': 0.1499999999999999}",0.0,0.0,-0.006312242367671975,green,0.11374835667983535,0.0026642951829417825
2024-08-28,"{'510300': 0.07650000000000001, '513100': 0.4335, '518880': 0.34, '511260': 0.1499999999999999}","{'510300': 0.07650000000000001, '513100': 0.4335, '518880': 0.34, '511260': 0.1499999999999999}",0.0,0.0,-0.0006662110008135802,green,-0.04406738277875842,0.0017843178859653502
2024-08-29,"{'510300': 0.07650000000000001, '513100': 0.4335, '518880': 0.34, '511260': 0.1499999999999999}","{'510300': 0.07650000000000001, '513100': 0.4335, '518880': 0.34, '511260': 0.1499999999999999}",0.0,0.0,-0.010518735709440764,green,-0.06557951730595744,0.010940424687653659
2024-08-30,"{'510300': 0.07650000000000001, '513100': 0.4335, '518880': 0.34, '511260': 0.1499999999999999}","{'510300': 0.07650000000000001, '513100': 0.4335, '518880': 0.34, '511260': 0.1499999999999999}",0.0,0.0,0.0033611609308245205,green,0.9491674572140766,0.5667218139807372
2024-09-02,"{'510300': 0.07650000000000001, '513100': 0.4335, '518880': 0.34, '511260': 0.1499999999999999}","{'510300': 0.07650000000000001, '513100': 0.4335, '518880': 0.34, '511260': 0.1499999999999999}",0.0,0.0,0.0006051588898560909,green,0.7866482395573199,0.7628399662919493
2024-09-03,"{'510300': 0.07650000000000001, '513100': 0.4335, '518880': 0.34, '511260': 0.1499999999999999}","{'510300': 0.07650000000000001, '513100': 0.4335, '518880': 0.34, '511260': 0.1499999999999999}",0.0,0.0,0.0017160906825191963,green,-0.6778327432007293,0.0011258351620838008
2024-09-04,"{'510300': 0.07650000000000001, '513100': 0.4335, '518880': 0.34, '511260': 0.1499999999999999}","{'510300': 0.21502500000000002, '513100': 0.368475, '518880': 0.28900000000000003, '511260': 0.12749999999999992}",0.27705,0.00027705000000000004,-0.022669062277470155,yellow,1.5184024235284062,0.9798554903527246
2024-09-05,"{'510300': 0.21502500000000002, '513100': 0.368475, '518880': 0.28900000000000003, '511260': 0.12749999999999992}","{'510300': 0.21502500000000002, '513100': 0.368475, '518880': 0.28900000000000003, '511260': 0.12749999999999992}",0.0,0.0,0.0037779043473367704,green,-0.46038554693361927,0.0015345666263451617
2024-09-06,"{'510300': 0.21502500000000002, '513100': 0.368475, '518880': 0.28900000000000003, '511260': 0.12749999999999992}","{'510300': 0.21502500000000002, '513100': 0.368475, '518880': 0.28900000000000003, '511260': 0.12749999999999992}",0.0,0.0,0.002110828706254708,green,-0.525104117435945,0.00429552005079935
2024-09-09,"{'510300': 0.21502500000000002, '513100': 0.368475, '518880': 0.28900000000000003, '511260': 0.12749999999999992}","{'510300': 0.21502500000000002, '513100': 0.368475, '518880': 0.28900000000000003, '511260': 0.12749999999999992}",0.0,0.0,-0.006995363555216189,green,0.2254487900134219,0.46988548596482027
2024-09-10,"{'510300': 0.21502500000000002, '513100': 0.368475, '518880': 0.28900000000000003, '511260': 0.12749999999999992}","{'510300': 0.21502500000000002, '513100': 0.368475, '518880': 0.28900000000000003, '511260': 0.12749999999999992}",0.0,0.0,0.0031310525794656986,green,-0.6252047696458656,0.0016168944818288412
2024-09-11,"{'510300': 0.21502500000000002, '513100': 0.368475, '518880': 0.28900000000000003, '511260': 0.12749999999999992}","{'510300': 0.21502500000000002, '513100': 0.368475, '518880': 0.28900000000000003, '511260': 0.12749999999999992}",0.0,0.0,0.003628754850589773,green,-0.7078695079910227,0.002069819230446994
2024-09-12,"{'510300': 0.21502500000000002, '513100': 0.368475, '518880': 0.28900000000000003, '511260': 0.12749999999999992}","{'510300': 0.21502500000000002, '513100': 0.368475, '518880': 0.28900000000000003, '511260': 0.12749999999999992}",0.0,0.0,0.01031680846377077,green,1.030105869831679,0.9110038021211808
2024-09-13,"{'510300': 0.21502500000000002, '513100': 0.368475, '518880': 0.28900000000000003, '511260': 0.12749999999999992}","{'510300': 0.21502500000000002, '513100': 0.368475, '518880': 0.28900000000000003, '511260': 0.12749999999999992}",0.0,0.0,0.007001673808101857,green,0.3310710007082361,0.6191299722426569
2024-09-18,"{'510300': 0.21502500000000002, '513100': 0.368475, '518880': 0.28900000000000003, '511260': 0.12749999999999992}","{'510300': 0.21502500000000002, '513100': 0.368475, '518880': 0.28900000000000003, '511260': 0.12749999999999992}",0.0,0.0,-0.0019993643177897203,green,-0.8260992990627785,0.002478598530812661
2024-09-19,"{'510300': 0.21502500000000002, '513100': 0.368475, '518880': 0.28900000000000003, '511260': 0.12749999999999992}","{'510300': 0.21502500000000002, '513100': 0.368475, '518880': 0.28900000000000003, '511260': 0.12749999999999992}",0.0,0.0,0.005516369386861689,green,-0.8481503838298354,0.0035705420360173414
2024-09-20,"{'510300': 0.21502500000000002, '513100': 0.368475, '518880': 0.28900000000000003, '511260': 0.12749999999999992}","{'510300': 0.21502500000000002, '513100': 0.368475, '518880': 0.28900000000000003, '511260': 0.12749999999999992}",0.0,0.0,0.004861819737643193,green,-0.16818407977454497,0.40488560795881595
2024-09-23,"{'510300': 0.21502500000000002, '513100': 0.368475, '518880': 0.28900000000000003, '511260': 0.12749999999999992}","{'510300': 0.21502500000000002, '513100': 0.368475, '518880': 0.28900000000000003, '511260': 0.12749999999999992}",0.0,0.0,0.004678482085787725,green,-0.8724777674894241,0.0017891854096884336
2024-09-24,"{'510300': 0.21502500000000002, '513100': 0.368475, '518880': 0.28900000000000003, '511260': 0.12749999999999992}","{'510300': 0.12901500000000002, '513100': 0.221085, '518880': 0.17340000000000003, '511260': 0.4765}",0.6980000000000001,0.000698,0.0026508267615774172,red,1.7877737823830206,0.9999446889988949
2024-09-25,"{'510300': 0.12901500000000002, '513100': 0.221085, '518880': 0.17340000000000003, '511260': 0.4765}","{'510300': 0.12901500000000002, '513100': 0.221085, '518880': 0.17340000000000003, '511260': 0.4765}",0.0,0.0,0.0030692541457267263,green,0.8925380260283742,0.6560643661142594
2024-09-26,"{'510300': 0.12901500000000002, '513100': 0.221085, '518880': 0.17340000000000003, '511260': 0.4765}","{'510300': 0.47740900000000003, '513100': 0.132651, '518880': 0.10404000000000001, '511260': 0.2859}",0.696788,0.0006967879999999999,0.025071471749181683,red,2.2276820693021318,0.9999321920611585
2024-09-27,"{'510300': 0.47740900000000003, '513100': 0.132651, '518880': 0.10404000000000001, '511260': 0.2859}","{'510300': 0.2864454, '513100': 0.0795906, '518880': 0.462424, '511260': 0.17154}",0.7167680000000001,0.0007167680000000001,0.012504400256351272,red,2.8530789326634958,0.9999977087713544
2024-09-30,"{'510300': 0.0, '513100': 0.0, '518880': 1.0, '511260': 0.0}","{'510300': 0.4, '513100': 0.0, '518880': 0.6, '511260': 0.0}",0.5022612,0.0005022612,0.03969805550457613,red,3.4449005861686737,0.9999997836266785
2024-10-08,"{'510300': 0.4, '513100': 0.0, '518880': 0.6, '511260': 0.0}","{'510300': 0.34, '513100': 0.1499999999999999, '518880': 0.51, '511260': 0.0}",0.2999999999999999,0.00029999999999999987,0.01511857192220273,yellow,3.085308903276434,0.97166182745742
2024-10-09,"{'510300': 0.34, '513100': 0.1499999999999999, '518880': 0.51, '511260': 0.0}","{'510300': 0.20400000000000001, '513100': 0.08999999999999994, '518880': 0.306, '511260': 0.40000000000000013}",0.8000000000000002,0.0008000000000000001,-0.020547749367236138,red,3.493371557320773,0.9999996633028375
2024-10-10,"{'510300': 0.20400000000000001, '513100': 0.08999999999999994, '518880': 0.306, '511260': 0.40000000000000013}","{'510300': 0.20400000000000001, '513100': 0.08999999999999994, '518880': 0.306, '511260': 0.40000000000000013}",0.0,0.0,0.008190433154746567,green,1.851230563710745,0.45514567846596576
2024-10-11,"{'510300': 0.20400000000000001, '513100': 0.08999999999999994, '518880': 0.306, '511260': 0.40000000000000013}","{'510300': 0.20400000000000001, '513100': 0.08999999999999994, '518880': 0.306, '511260': 0.40000000000000013}",0.0,0.0,-0.0025046236270260783,green,0.7695488365634601,0.032089315655840375
2024-10-14,"{'510300': 0.20400000000000001, '513100': 0.08999999999999994, '518880': 0.306, '511260': 0.40000000000000013}","{'510300': 0.20400000000000001, '513100': 0.08999999999999994, '518880': 0.306, '511260': 0.40000000000000013}",0.0,0.0,0.006705697067705186,green,0.6794576733757665,0.004939177649512296
2024-10-15,"{'510300': 0.20400000000000001, '513100': 0.08999999999999994, '518880': 0.306, '511260': 0.40000000000000013}","{'510300': 0.20400000000000001, '513100': 0.08999999999999994, '518880': 0.306, '511260': 0.40000000000000013}",0.0,0.0,-0.0033837430031854712,green,0.8147284050118007,0.06517752920426235
2024-10-16,"{'510300': 0.20400000000000001, '513100': 0.08999999999999994, '518880': 0.306, '511260': 0.40000000000000013}","{'510300': 0.20400000000000001, '513100': 0.08999999999999994, '518880': 0.306, '511260': 0.40000000000000013}",0.0,0.0,0.002068233796951583,green,2.2432239866667922,0.749342987666163
2024-10-17,"{'510300': 0.20400000000000001, '513100': 0.08999999999999994, '518880': 0.306, '511260': 0.40000000000000013}","{'510300': 0.20400000000000001, '513100': 0.08999999999999994, '518880': 0.306, '511260': 0.40000000000000013}",0.0,0.0,-8.596735706260024e-05,green,0.5845611936259074,0.004818552025051246
2024-10-18,"{'510300': 0.20400000000000001, '513100': 0.08999999999999994, '518880': 0.306, '511260': 0.40000000000000013}","{'510300': 0.20400000000000001, '513100': 0.08999999999999994, '518880': 0.306, '511260': 0.40000000000000013}",0.0,0.0,0.009881664716009986,green,0.7357351757356464,0.08459352747831306
2024-10-21,"{'510300': 0.20400000000000001, '513100': 0.08999999999999994, '518880': 0.306, '511260': 0.40000000000000013}","{'510300': 0.20400000000000001, '513100': 0.08999999999999994, '518880': 0.306, '511260': 0.40000000000000013}",0.0,0.0,0.00401844076888151,green,1.4298083344270072,0.48756933377220957
2024-10-22,"{'510300': 0.20400000000000001, '513100': 0.08999999999999994, '518880': 0.306, '511260': 0.40000000000000013}","{'510300': 0.20400000000000001, '513100': 0.08999999999999994, '518880': 0.306, '511260': 0.40000000000000013}",0.0,0.0,0.0008001969472394374,green,0.4063387653663496,0.0018832852733496528
2024-10-23,"{'510300': 0.20400000000000001, '513100': 0.08999999999999994, '518880': 0.306, '511260': 0.40000000000000013}","{'510300': 0.20400000000000001, '513100': 0.08999999999999994, '518880': 0.306, '511260': 0.40000000000000013}",0.0,0.0,0.002325434462992969,green,0.3547212816833662,0.0018668969506485304
2024-10-24,"{'510300': 0.20400000000000001, '513100': 0.08999999999999994, '518880': 0.306, '511260': 0.40000000000000013}","{'510300': 0.20400000000000001, '513100': 0.08999999999999994, '518880': 0.306, '511260': 0.40000000000000013}",0.0,0.0,-0.006536149946396137,green,0.36280970539664714,0.002714276127149465
2024-10-25,"{'510300': 0.20400000000000001, '513100': 0.08999999999999994, '518880': 0.306, '511260': 0.40000000000000013}","{'510300': 0.20400000000000001, '513100': 0.08999999999999994, '518880': 0.306, '511260': 0.40000000000000013}",0.0,0.0,0.0018328519698049095,green,0.3074572347820857,0.001955221451016973
2024-10-28,"{'510300': 0.20400000000000001, '513100': 0.08999999999999994, '518880': 0.306, '511260': 0.40000000000000013}","{'510300': 0.20400000000000001, '513100': 0.08999999999999994, '518880': 0.306, '511260': 0.40000000000000013}",0.0,0.0,0.002228378792690328,green,0.2940446252877292,0.002956591842529234
2024-10-29,"{'510300': 0.20400000000000001, '513100': 0.08999999999999994, '518880': 0.306, '511260': 0.40000000000000013}","{'510300': 0.20400000000000001, '513100': 0.08999999999999994, '518880': 0.306, '511260': 0.40000000000000013}",0.0,0.0,0.001253170293342251,green,0.23238120114644692,0.004047326691916804
2024-10-30,"{'510300': 0.20400000000000001, '513100': 0.08999999999999994, '518880': 0.306, '511260': 0.40000000000000013}","{'510300': 0.20400000000000001, '513100': 0.08999999999999994, '518880': 0.306, '511260': 0.40000000000000013}",0.0,0.0,0.002205997900126089,green,1.6241741267990397,0.7088165184568991
2024-10-31,"{'510300': 0.0, '513100': 1.0, '518880': 0.0, '511260': 0.0}","{'510300': 0.0, '513100': 1.0, '518880': 0.0, '511260': 0.0}",1.8200000000000003,0.0018200000000000002,-0.016846361185983816,green,0.13012570715881222,0.004891046537017699
2024-11-01,"{'510300': 0.0, '513100': 1.0, '518880': 0.0, '511260': 0.0}","{'510300': 0.0, '513100': 1.0, '518880': 0.0, '511260': 0.0}",0.0,0.0,-0.011651816312542973,green,-0.02951748587825218,0.003960476941715274
2024-11-04,"{'510300': 0.0, '513100': 1.0, '518880': 0.0, '511260': 0.0}","{'510300': 0.0, '513100': 1.0, '518880': 0.0, '511260': 0.0}",0.0,0.0,0.0006934812760055475,green,-0.3145344846187174,0.005982583300238315
2024-11-05,"{'510300': 0.0, '513100': 1.0, '518880': 0.0, '511260': 0.0}","{'510300': 0.0, '513100': 1.0, '518880': 0.0, '511260': 0.0}",0.0,0.0,-0.0034650034650035577,green,-0.33105068175857555,0.01902047765536912
2024-11-06,"{'510300': 0.0, '513100': 1.0, '518880': 0.0, '511260': 0.0}","{'510300': 0.15000000000000002, '513100': 0.85, '518880': 0.0, '511260': 0.0}",0.30000000000000004,0.00030000000000000003,0.029152658677891564,yellow,1.0032043221608549,0.9428552509188504
2024-11-07,"{'510300': 0.15000000000000002, '513100': 0.85, '518880': 0.0, '511260': 0.0}","{'510300': 0.09000000000000001, '513100': 0.51, '518880': 0.4, '511260': 0.0}",0.8,0.0008,0.0020970331682442778,red,1.3392166976186493,0.9999295583540927
2024-11-08,"{'510300': 0.09000000000000001, '513100': 0.51, '518880': 0.4, '511260': 0.0}","{'510300': 0.09000000000000001, '513100': 0.51, '518880': 0.4, '511260': 0.0}",0.0,0.0,0.005774913034575278,green,-0.5323771148885568,0.007365460936999711
2024-11-11,"{'510300': 0.09000000000000001, '513100': 0.51, '518880': 0.4, '511260': 0.0}","{'510300': 0.09000000000000001, '513100': 0.51, '518880': 0.4, '511260': 0.0}",0.0,0.0,0.00395908996058221,green,-0.5653363919355402,0.0016032194288963682
2024-11-12,"{'510300': 0.09000000000000001, '513100': 0.51, '518880': 0.4, '511260': 0.0}","{'510300': 0.054000000000000006, '513100': 0.306, '518880': 0.24, '511260': 0.4}",0.8,0.0008,-0.0033365019017337883,red,1.1013037747299568,0.998223493425413
2024-11-13,"{'510300': 0.054000000000000006, '513100': 0.306, '518880': 0.24, '511260': 0.4}","{'510300': 0.054000000000000006, '513100': 0.306, '518880': 0.24, '511260': 0.4}",0.0,0.0,-0.0019305246768838219,green,-0.6585829601956169,0.0026668604039659163
2024-11-14,"{'510300': 0.054000000000000006, '513100': 0.306, '518880': 0.24, '511260': 0.4}","{'510300': 0.054000000000000006, '513100': 0.306, '518880': 0.24, '511260': 0.4}",0.0,0.0,-0.005446473598915768,green,0.5583181398446853,0.7452800564143024
2024-11-15,"{'510300': 0.054000000000000006, '513100': 0.306, '518880': 0.24, '511260': 0.4}","{'510300': 0.054000000000000006, '513100': 0.306, '518880': 0.24, '511260': 0.4}",0.0,0.0,-0.004430178118805935,green,-0.7031038045551828,0.006356927793800341
2024-11-18,"{'510300': 0.054000000000000006, '513100': 0.306, '518880': 0.24, '511260': 0.4}","{'510300': 0.054000000000000006, '513100': 0.306, '518880': 0.24, '511260': 0.4}",0.0,0.0,2.4836255731149883e-05,green,-0.7007512536312359,0.006222867142705529
2024-11-19,"{'510300': 0.054000000000000006, '513100': 0.306, '518880': 0.24, '511260': 0.4}","{'510300': 0.054000000000000006, '513100': 0.306, '518880': 0.24, '511260': 0.4}",0.0,0.0,0.00565013660815256,green,0.1353411739664052,0.5601605683581093
2024-11-20,"{'510300': 0.054000000000000006, '513100': 0.306, '518880': 0.24, '511260': 0.4}","{'510300': 0.054000000000000006, '513100': 0.306, '518880': 0.24, '511260': 0.4}",0.0,0.0,0.00376236351296711,green,-0.7190876854603463,0.0027302429814017224
2024-11-21,"{'510300': 0.054000000000000006, '513100': 0.306, '518880': 0.24, '511260': 0.4}","{'510300': 0.054000000000000006, '513100': 0.306, '518880': 0.24, '511260': 0.4}",0.0,0.0,0.0014453081919127279,green,-0.7308029746268357,0.005219197964756584
2024-11-22,"{'510300': 0.054000000000000006, '513100': 0.306, '518880': 0.24, '511260': 0.4}","{'510300': 0.1958999999999999, '513100': 0.2601, '518880': 0.204, '511260': 0.34}",0.28379999999999994,0.0002837999999999999,-0.0013340847870919545,yellow,0.893324617454973,0.9471249985228196
2024-11-25,"{'510300': 0.1958999999999999, '513100': 0.2601, '518880': 0.204, '511260': 0.34}","{'510300': 0.1958999999999999, '513100': 0.2601, '518880': 0.204, '511260': 0.34}",0.0,0.0,-0.0013404391758259598,green,-0.6722674570013826,0.00895757869385037
2024-11-26,"{'510300': 0.1958999999999999, '513100': 0.2601, '518880': 0.204, '511260': 0.34}","{'510300': 0.1958999999999999, '513100': 0.2601, '518880': 0.204, '511260': 0.34}",0.0,0.0,-0.0024411127887078877,green,-0.7004964382143688,0.0032665696436839625
2024-11-27,"{'510300': 0.1958999999999999, '513100': 0.2601, '518880': 0.204, '511260': 0.34}","{'510300': 0.1958999999999999, '513100': 0.2601, '518880': 0.204, '511260': 0.34}",0.0,0.0,0.005642730947491399,green,-0.7082297115578217,0.004925157429777355
2024-11-28,"{'510300': 0.1958999999999999, '513100': 0.2601, '518880': 0.204, '511260': 0.34}","{'510300': 0.1958999999999999, '513100': 0.2601, '518880': 0.204, '511260': 0.34}",0.0,0.0,-0.0035594058029996666,green,-0.7493433494101238,0.0020617370358070714
2024-11-29,"{'510300': 0.1958999999999999, '513100': 0.2601, '518880': 0.204, '511260': 0.34}","{'510300': 0.1958999999999999, '513100': 0.2601, '518880': 0.204, '511260': 0.34}",0.0,0.0,0.004680051195109492,green,-0.7724828241350343,0.0028756917657002503
