Strategy,Full 18-26_Sharpe,Full 18-26_Calmar,Full 18-26_MaxDD,Full 18-26_AnnRet,Full 18-26_Vol,Full 18-26_WinRate,Full 18-26_TotalRet,OOS 21-26_Sharpe,OOS 21-26_Calmar,OOS 21-26_MaxDD,OOS 21-26_AnnRet,OOS 21-26_Vol,OOS 21-26_WinRate,OOS 21-26_TotalRet,OOS 22-26_Sharpe,OOS 22-26_Calmar,OOS 22-26_MaxDD,OOS 22-26_AnnRet,OOS 22-26_Vol,OOS 22-26_WinRate,OOS 22-26_TotalRet,Slow Bear 22_Sharpe,Slow Bear 22_Calmar,Slow Bear 22_MaxDD,Slow Bear 22_AnnRet,Slow Bear 22_Vol,Slow Bear 22_WinRate,Slow Bear 22_TotalRet,924 周期 24-08~24-10_Sharpe,924 周期 24-08~24-10_Calmar,924 周期 24-08~24-10_MaxDD,924 周期 24-08~24-10_AnnRet,924 周期 24-08~24-10_Vol,924 周期 24-08~24-10_WinRate,924 周期 24-08~24-10_TotalRet,2025 慢牛_Sharpe,2025 慢牛_Calmar,2025 慢牛_MaxDD,2025 慢牛_AnnRet,2025 慢牛_Vol,2025 慢牛_WinRate,2025 慢牛_TotalRet
v0.0 baseline,0.8622533522405853,0.5618431945885274,-0.16271203341043505,0.09141864864931404,0.10602295533181816,0.4985279685966634,1.028839389298109,0.73907260492422,0.48558631719631823,-0.16271203341043505,0.07901073706729744,0.10690524387032141,0.5307497893850042,0.43074370459223177,0.7436566004756083,0.5056784318421825,-0.16271203341043505,0.08227996589684161,0.11064241996133586,0.5304428044280443,0.40512470703804615,-1.7403502452558257,-0.869372143210823,-0.10813984014207123,-0.09401376459078825,0.054020025478818796,0.44813278008298757,-0.0901008156309594,1.8934475047505992,6.13632456779623,-0.03346765488253178,0.2053683928822052,0.10846268109728022,0.5517241379310345,0.043927720425981365,1.815648010378669,3.004482444903564,-0.08431486283757006,0.25332252523993115,0.13952182570183225,0.5826446280991735,0.24214261688413985
v0.1 +VT,0.916310938811487,0.668236774195042,-0.0675008458191605,0.045106547465632696,0.049226245759041935,0.4985279685966634,0.4287534643301738,0.7695258272157484,0.4960140476952393,-0.05097348781149735,0.02528356601452475,0.03285603305350285,0.5307497893850042,0.12480869493472091,0.7712290787313881,0.5131199384790047,-0.05097348781149735,0.02615551292989582,0.03391406477167537,0.5304428044280443,0.11746642744525615,-1.6904260055041254,-0.8409793128341057,-0.03936800191333034,-0.03310767519672431,0.019585403376973492,0.44813278008298757,-0.03168564590508427,1.8214207007426284,5.9183353396058855,-0.010691844809276652,0.06327792298032375,0.034740970581109636,0.5517241379310345,0.014221920746655403,1.7280283338982765,2.841593452992294,-0.025453782041491402,0.07232930040299479,0.04185654771054963,0.5826446280991735,0.06936181933582919
v0.2 +TF,0.8240238701397722,0.4996292366104748,-0.16271203341043494,0.08129568904019369,0.09865695884077265,0.5132482826300294,0.8815647944048655,0.8402889642314084,0.4996525240528627,-0.16271203341043494,0.08129947818729755,0.09675180997010971,0.5619208087615838,0.4450950235429225,0.8573756802071144,0.5313812003887316,-0.16271203341043494,0.08646211563132833,0.10084507600033846,0.5654981549815498,0.42863041348982,-0.6079334963521456,-0.5026700738505562,-0.042979637831049744,-0.021604577722603935,0.035537732091158666,0.4979253112033195,-0.020671337296482517,1.1885559314214302,3.7776522723316766,-0.03346765488253178,0.12642916251660852,0.10637207654620681,0.5862068965517241,0.027779854048714636,1.815648010378661,3.0044824449035272,-0.08431486283757073,0.25332252523993004,0.13952182570183225,0.5826446280991735,0.24214261688413874
v1.0 locked,1.1688207916476785,0.8888825775899192,-0.05809614109453287,0.051640647644136006,0.04418183524211487,0.511469009272816,0.5059220592328293,1.4542531257910192,1.7326986531819621,-0.019401961939836232,0.03361775332224193,0.023116851341788282,0.5290648694187026,0.16853028044768892,1.521943711054824,1.8684446467255862,-0.019401961939836232,0.03625149192246058,0.023819206754588516,0.5322878228782287,0.1655335354822618,-0.4292542727346502,-0.578067260804805,-0.012896794119521715,-0.0074552144498354345,0.01736782816939829,0.44813278008298757,-0.007130951551935771,3.0369036241193847,12.040077001713245,-0.007476943137742609,0.09002297111585245,0.02964301217887892,0.6206896551724138,0.02003750838349827,1.5906895261257499,2.826795077859327,-0.019401961939836232,0.05484537051234306,0.034478991413191294,0.5950413223140496,0.05261271235999643
v3 (52 池),0.8130170378736957,0.4613846244277477,-0.1355514868761558,0.06254137186297792,0.07692504455570079,0.49829849295089934,0.6407908300646248,1.0084612776737023,0.6140782521903432,-0.11873646041942221,0.07291347808562665,0.07230171321383996,0.5223251895534962,0.3930587893718325,1.080571375336485,0.8120164879495804,-0.09889267165958471,0.08030247992496697,0.07431483172498544,0.5239852398523985,0.3941141998075406,-1.5239055590498332,-0.9873932484242447,-0.09889267165958471,-0.09764595631530959,0.06407612055447359,0.43983402489626555,-0.09358976763365745,1.9240239010962392,7.16450774799525,-0.02700836082289304,0.19350161037626856,0.10057131320770929,0.5862068965517241,0.04155326887868571,3.2253635364060744,7.568117631564091,-0.035799944403035355,0.27093819044562606,0.08400237287593458,0.5578512396694215,0.25890369485665277
v4 style,0.2579823048855501,0.1175683207822534,-0.4496589657502832,0.05286564952794559,0.20491967288763713,0.47107438016528924,0.52273278593023,0.23279253828704882,0.09917593075590668,-0.4496589657502832,0.0445953464510227,0.19156690665073484,0.4743049705139006,0.22815025849580084,0.2706655882298677,0.1365630139329001,-0.3873197399485171,0.05289355104307658,0.19542030218542508,0.470479704797048,0.24821309135342373,-1.0382873923095972,-0.9054284318918117,-0.22560108282613245,-0.20426563465635983,0.1967332322142382,0.46473029045643155,-0.19628945794834096,0.5539175361435338,1.445870396170071,-0.15677070907626933,0.2266701272399685,0.4092127662505211,0.39655172413793105,0.048145261460349476,2.194259783307162,3.2882494168353373,-0.12515672853253512,0.4115465396101272,0.18755597798445234,0.5082644628099173,0.392370828778829
v4 factor,0.10022015812527274,0.05145680456336841,-0.4055859656514431,0.02087015776817136,0.20824311354691913,0.478852698104035,0.18365069277775348,-0.006771058661310823,-0.003356012936922143,-0.4055859656514431,-0.001361151747760303,0.20102495279472218,0.4945240101095198,-0.006395286834463665,-0.1670023804310736,-0.0887928201115373,-0.3803941880703843,-0.03377627271280792,0.20225024712595818,0.48985239852398527,-0.13739808935050035,-1.0343651840881398,-0.9297131267869011,-0.26378561075521423,-0.24524494497662264,0.23709706083429521,0.44398340248962653,-0.23591813135365758,0.9856785031778135,2.897307996910529,-0.12463359783999262,0.3611019197055414,0.3663485797258984,0.46551724137931033,0.07353473566244895,1.056339869272465,1.519938236600714,-0.11852734843764257,0.18015424897326882,0.1705457251152953,0.5578512396694215,0.17242227503123075
v5 量价,0.8751936640018116,0.7766548569502257,-0.19405656051051756,0.15071497024354885,0.17220756552830446,0.4681575109382596,2.145295568191509,0.5798759581026032,0.546283779236901,-0.19405656051051756,0.10600995126139989,0.18281487580252898,0.5248525695029486,0.6073814216247178,0.5361649555936276,0.5099201470605321,-0.19405656051051756,0.09895334987358417,0.18455766055061476,0.525830258302583,0.5006376981784235,-0.26546168001010734,-0.31870499417684317,-0.1758101860870569,-0.05603158433310518,0.21107221325116227,0.46473029045643155,-0.05365260707200481,2.464140594567454,8.081059576429483,-0.04360919503143923,0.35240850312919303,0.14301477111579078,0.5517241379310345,0.07195270887031269,1.6790160808876708,2.1364532252319646,-0.1583569897843703,0.33832230156284315,0.20150033428147823,0.5661157024793388,0.32293487202050297
v5.1 量价 (逆波动),0.9533905184239619,0.8558953855811847,-0.18146642128040924,0.15531627261183356,0.16290939505941907,0.47107438016528924,2.24943952433776,0.7236949161972346,0.6915946753435395,-0.18146642128040924,0.1255012107111786,0.1734172893885228,0.527379949452401,0.7452425893216292,0.6506828215185432,0.6311031242194648,-0.18041901259541526,0.11386300251755754,0.17499002394412017,0.525830258302583,0.5901972035277401,-0.31401371567092473,-0.3817257045813469,-0.16785317273629674,-0.0640738706289774,0.2040479999164258,0.4730290456431535,-0.0613646625570482,2.5060226274800694,8.631884680967232,-0.04003533158857997,0.34558036543690696,0.1378999381918611,0.5344827586206896,0.07070462672684275,1.9543347972115928,2.4750389818278076,-0.14999739668617762,0.37124940397097883,0.1899620292800754,0.5619834710743802,0.3541766554992367
v7.10 TV-PR (标准化+CV),0.8993069638608719,0.8885193396417128,-0.19076846743203946,0.1695014727071773,0.18848010692531475,0.5196888672824501,2.5897962712340568,1.0267844685230885,1.1092164629624055,-0.19076846743203946,0.21160352468972565,0.20608368277530825,0.5240101095197978,1.469758853146086,1.1476513464038005,1.6360679827848497,-0.14760233588573402,0.24148745592690468,0.21041883206394763,0.5239852398523985,1.535719197589842,0.15167314452175593,0.2161236594669655,-0.14749483634886618,0.03187712378419816,0.21016986154477543,0.4979253112033195,0.030464683664310543,0.8799099008823315,2.1120899056400684,-0.14760233588573402,0.3117494036731536,0.3542969608144496,0.43103448275862066,0.06444789591090183,2.306601261127492,3.928617783805595,-0.12399523241968491,0.4871298751910822,0.2111894601813266,0.5495867768595041,0.4638940861635745
v6 全风控,0.8259413725620056,0.5069570812736677,-0.2593882434450747,0.13149870681361864,0.15921070330418238,0.4671852211959164,1.741333833749069,0.8218259593729572,0.7056233257434141,-0.17492427466844163,0.12343064844480023,0.15019073933728772,0.5197978096040438,0.7301707574359777,0.7705844282176323,0.6681675325306102,-0.17492427466844163,0.11687872098491936,0.15167542543684764,0.518450184501845,0.608800053487544,-0.5106608990104631,-0.4818819295930122,-0.15776622726258127,-0.07602469401790235,0.14887510315596858,0.45643153526970953,-0.07283011547394991,2.477759603290153,10.141776264993657,-0.03518975221720777,0.35688659380748566,0.1440360046767996,0.5172413793103449,0.07276860574146649,2.0943857024369352,2.8105244007884713,-0.12934665203986195,0.36353192171832793,0.17357448596757424,0.5702479338842975,0.3468568772481526
v8 method_b (有未来),1.2058196032502286,1.051597404842162,-0.11659833420066457,0.12261450565433796,0.10168561310816018,0.4648722627737226,1.7348084940993136,1.0455780669744708,0.9391959309350209,-0.11659833420066457,0.10950868103506584,0.10473505947953253,0.4837172359015091,0.6806389827796604,1.0529825303580809,0.9386929633480822,-0.11659833420066457,0.10945003585227187,0.10394287910460576,0.48389904264577893,0.6057201355891011,0.6079456693841024,0.7820508363863451,-0.0638205178089124,0.049910889331069574,0.08209761471223785,0.4826254826254826,0.05133230113941445,-1.6544704353973312,-2.8783324534772796,-0.055905748231614205,-0.1609153294709852,0.09726092774352924,0.36923076923076925,-0.04424466536368843,2.5227917939291147,5.006136783152618,-0.06933190691399649,0.34708500944827114,0.13757972825323989,0.5346153846153846,0.3598868717605741
v8 prob 3state 10bp,0.7666741376071192,0.43699788687432073,-0.17351640624273268,0.07582630286610037,0.09890290952393835,0.4949817518248175,0.8884539169655479,0.6341595746562979,0.3650878684674255,-0.17351640624273268,0.06334873489928716,0.09989399739587775,0.4908657664813344,0.3591667372364937,0.7106007743821993,0.4151148213545422,-0.17351640624273268,0.07202923197953415,0.10136385235740393,0.49521322889469105,0.3731811677000756,0.21671534842412446,0.373806606081737,-0.05004365046091164,0.018706647134734133,0.08631897680880518,0.5019305019305019,0.01923124148123656,-0.23817132009087633,-0.46835296178218316,-0.08200837987735932,-0.038408867606519626,0.16126571239502888,0.5076923076923077,-0.01005146792766265,2.5206977230738374,4.411114561446866,-0.0615408617742762,0.2714637914964986,0.10769390911555433,0.5230769230769231,0.2811949994560199
v8 prob 2state 10bp,0.756251780206176,0.4312720160598798,-0.16195583911086808,0.06984702124601361,0.09235948010194607,0.4954379562043796,0.7990866853900005,0.6110840149884839,0.354987544754477,-0.16195583911086808,0.05749230568461816,0.0940824899268583,0.4908657664813344,0.32217743961373535,0.6895806825443135,0.4065334159385253,-0.16195583911086808,0.06584046050493142,0.09547898044649825,0.49521322889469105,0.3374059677027941,0.20267968203161163,0.3464831486657938,-0.047094735027339074,0.01631753207785369,0.08050896821176516,0.5057915057915058,0.016774577724721906,-0.22705905121551448,-0.44523648719135606,-0.07846410201416887,-0.03493508115141275,0.15385901140868374,0.5076923076923077,-0.00913026180691412,2.457373613067411,4.32398828814134,-0.05751090089097988,0.24867646189305437,0.10119603326522439,0.5230769230769231,0.25751110084335127
v8 per-asset 5bp,0.9425299786676246,0.7086514709078097,-0.21642068656731395,0.15336683787080507,0.16271825972857318,0.4904197080291971,2.45954148561333,0.8448574281931608,0.7163259070148785,-0.1813531092818884,0.1299079304963171,0.15376313939044411,0.4837172359015091,0.8407923290908135,1.0243962141136533,0.8928123906312307,-0.17585977569694455,0.15700978675586108,0.15327056522920865,0.4856396866840731,0.9444049042171501,0.07419370802104663,0.08578193265309224,-0.12649840974666393,0.010851278065611591,0.14625604185375657,0.444015444015444,0.011154377425115714,0.7744835631733341,1.927675125809551,-0.06672264595497102,0.1286195849355949,0.1660714197840362,0.5230769230769231,0.03170120997775361,2.4402331485617443,3.6488334431292553,-0.11275273634392702,0.41141595517605634,0.16859698648817303,0.5346153846153846,0.42694086535768605
v9 银河方案-动态仓位,0.8346253901969304,0.5711325916207652,-0.17285549487813912,0.09872340676564151,0.11828469146181578,0.4885948905109489,1.268109275649945,0.8247218813900704,0.5847404222259078,-0.1454351081912627,0.08504178657022954,0.10311571511464135,0.4813343923749007,0.5034592402375078,0.9160185484190954,0.7876785934565849,-0.12458175156397089,0.09813037884226627,0.10712706528882407,0.4830287206266319,0.5323658076062754,-0.6942239308818109,-0.6760394758251764,-0.12458175156397089,-0.08422218202468923,0.12131846552409867,0.43243243243243246,-0.08645754677875495,3.82252968041922,16.230128975128043,-0.042347015679808364,0.6872975261950593,0.1798017500598407,0.49230769230769234,0.14446107432005872,2.0752344477134215,3.011471894928526,-0.06848578730874322,0.20624302368233294,0.09938299930862268,0.5153846153846153,0.21344486119922146
v9 银河因子配置,0.6561588524999981,0.37181199241273505,-0.2574581091524033,0.09572601252677049,0.14588847222292223,0.48905109489051096,1.2148490697310357,0.5071697705479269,0.311462729550026,-0.24853869851278554,0.07741054143760318,0.15263240424201896,0.48212867355043687,0.4513682058104418,0.5926376612815941,0.4257104072652809,-0.21574812803258636,0.09184622345147431,0.15497871541416133,0.48389904264577893,0.4927880838528724,-0.98975853024471,-0.8253396479300398,-0.21574812803258636,-0.17806548403197997,0.17990800643865598,0.43243243243243246,-0.18253044806454344,3.0609969650568902,12.765764914209766,-0.05636015401219707,0.7194804766483642,0.23504775890393353,0.49230769230769234,0.15005217700085782,1.5331427449843478,1.7212718094018649,-0.1456485535804415,0.250700749358171,0.16352081381745734,0.5192307692307693,0.25961448241649054
v9 等权基准,0.556136982385279,0.3224573999749953,-0.26247264609970966,0.08463624702586947,0.15218597163393716,0.4762773722627737,1.0272895606262056,0.3599817864385666,0.22550243945410062,-0.26020123705957754,0.05867601370590947,0.1629971735137298,0.4598888006354249,0.3295880434942726,0.38360622596406874,0.26286907612138766,-0.24350843228995223,0.06401083662382723,0.16686600031831322,0.45691906005221933,0.32697017490538505,-0.797226631294594,-0.6762062418577923,-0.2183640453759692,-0.14765913048054857,0.1852160034352704,0.42084942084942084,-0.1514334555683895,2.842543073970443,9.584299544944647,-0.08297867512869872,0.7952924782760968,0.27978203234937726,0.5076923076923077,0.16292243495170822,1.7246266216081312,2.1947446437130402,-0.124765217506283,0.27382779284360703,0.1587751165456763,0.5038461538461538,0.2836527883307023
⭐ v8+v9 macro 5bp (NEW),0.9477090089250603,0.7459648169826483,-0.18067254542762778,0.13477536228370957,0.14221175594455795,0.48905109489051096,2.003509114871025,1.0143366215009744,0.8119229435507812,-0.17291315114269412,0.14039215465441734,0.1384078536439616,0.482922954725973,0.9277233101836819,1.1646359884029458,0.9375577591552225,-0.17291315114269412,0.1621160665138126,0.1391989154792656,0.48476936466492604,0.9838401415318527,0.4723521979608917,0.7616797072275256,-0.06973103626655563,0.053112715288182066,0.11244303618669628,0.444015444015444,0.054627661311857256,0.7253692355031671,1.5643495155154823,-0.07779951619895675,0.12170563547317692,0.16778439106085513,0.5230769230769231,0.030067274504495645,2.257561594280266,2.789086574905645,-0.12950936385942347,0.3612128280648883,0.16000131689875188,0.5346153846153846,0.37460415823933757
v8+v9 macro 10bp (NEW),0.8782088523005485,0.6903503484729508,-0.180878800109177,0.12486974268673956,0.14218684127315712,0.48905109489051096,1.7829687546534698,0.9348241317610814,0.7258998984687736,-0.1782214507794453,0.12937093302575686,0.1383906647574872,0.482922954725973,0.8364256952691869,1.085103463958908,0.8473427497860034,-0.1782214507794453,0.15101465417430604,0.13917074195242346,0.48476936466492604,0.8988891066686193,0.3900015233803195,0.6106153615963202,-0.0717725345060023,0.043825412110066964,0.11237241262601311,0.444015444015444,0.045069820401008265,0.6758026675796406,1.4566529897081217,-0.07779951619895675,0.11332689786905581,0.16769229141241987,0.5230769230769231,0.02807712685622188,2.170527773867191,2.664375047089717,-0.1303806994428417,0.3473830822176116,0.1600454444306351,0.5346153846153846,0.36019733087394434
沪深300 (benchmark),0.11248039091583517,0.045735401632207545,-0.45602620484864664,0.020856541633564207,0.1854238011065446,0.4667274384685506,0.19687817775265537,-0.010076244809752876,-0.004474804770564098,-0.37856592214561,-0.0016940085943901728,0.16811903902439218,0.4527402700555997,-0.00843472370633569,-0.006698530426401916,-0.0032048316043695097,-0.3575848363483304,-0.0011459991847724282,0.17108217949649537,0.4525674499564839,-0.005214563614900469,-1.0527379448129424,-0.7246120169593756,-0.28652483679934826,-0.20761933990213166,0.19721844446200035,0.42857142857142855,-0.2127249748986586,2.011990555298279,5.917606125049785,-0.1099304334333423,0.650525006214524,0.32332408544436897,0.4461538461538462,0.13797490959026026,1.41585406040552,1.951626509952898,-0.1049151556742759,0.20475519910975204,0.14461603412085236,0.5192307692307693,0.21190066933389584
