date,vol_60,ret_60,rsi_60,bear_vol,bear_trend,bear_combo
2021-06-01,0.15961534018806386,0.03452848106585371,54.01405259759932,False,False,False
2021-06-02,0.14968780385357575,0.05397640340722876,56.24713429498244,False,False,False
2021-06-03,0.14959643714363732,0.054883744892706865,56.35655446960616,False,False,False
2021-06-04,0.1398857007608463,0.0827566961350239,59.794176557322885,False,False,False
2021-06-07,0.13299155991460077,0.10885025230973122,63.10817882752994,False,False,False
2021-06-08,0.13357645858029193,0.09668848014800813,61.73829895703988,False,False,False
2021-06-09,0.12762624912531115,0.07581977442959276,59.797879798584084,False,False,False
2021-06-10,0.1280205546288782,0.08294856147428953,60.493761856688835,False,False,False
2021-06-11,0.12250093618482519,0.09870620069271396,62.80253987154276,False,False,False
2021-06-15,0.12282166998663549,0.08687436899884204,61.39717263924421,False,False,False
2021-06-16,0.1271538198848861,0.06228052484229485,58.1569113802146,False,False,False
2021-06-17,0.12732665757287676,0.0629995703728281,58.23150941444326,False,False,False
2021-06-18,0.12097098072011982,0.09022839046329989,61.89313974016306,False,False,False
2021-06-21,0.1205632658830091,0.08216949975770804,61.065811589180285,False,False,False
2021-06-22,0.11980179416693507,0.09364147815753077,62.55188879287045,False,False,False
2021-06-23,0.11821533497669535,0.11549052494253798,65.31750270851846,False,False,False
2021-06-24,0.11855308438266457,0.11224086584538995,64.80225625366064,False,False,False
2021-06-25,0.11628743367913502,0.10712647938901809,64.34549538280503,False,False,False
2021-06-28,0.11633775717861972,0.10875470808007681,64.4906327389245,False,False,False
2021-06-29,0.11755601486665158,0.09511776543811967,62.70912230044518,False,False,False
2021-06-30,0.11724787366984574,0.1120458851170294,64.72748117525343,False,False,False
2021-07-01,0.11457461949367774,0.09147980386300092,62.54278224384012,False,False,False
2021-07-02,0.11792583410760274,0.06044967413384783,58.401349415207655,False,False,False
2021-07-05,0.11830960673015752,0.06749526577683418,59.189571276530145,False,False,False
2021-07-06,0.11833571028934718,0.06734144540059162,59.16627033320972,False,False,False
2021-07-07,0.11896975496834754,0.07181751388568047,59.63205735738688,False,False,False
2021-07-08,0.11868319586108121,0.0729982161917595,59.80950505633697,False,False,False
2021-07-09,0.11488404840203167,0.08855847128305938,62.147643613800476,False,False,False
2021-07-12,0.11706135918679428,0.10333044452557294,63.60058792951273,False,False,False
2021-07-13,0.11584953722100652,0.09712282968189179,63.02906270874889,False,False,False
2021-07-14,0.11687588289115687,0.09232365698694589,62.27854448781024,False,False,False
2021-07-15,0.1171783937558974,0.09389835318443396,62.42734709278962,False,False,False
2021-07-16,0.11423455529460506,0.06950869163881768,59.600899552659726,False,False,False
2021-07-19,0.11397241738133879,0.07112807080687067,59.85289094953143,False,False,False
2021-07-20,0.1139711713094403,0.07117465759519104,59.857788783689706,False,False,False
2021-07-21,0.11501630289510835,0.07592924989815653,60.35380124437859,False,False,False
2021-07-22,0.11501957082901107,0.0759697461052311,60.357947826605404,False,False,False
2021-07-23,0.11585784384951099,0.07202111977887271,59.75267658810455,False,False,False
2021-07-26,0.12560729144907262,0.04517328877014726,55.98336942415712,False,False,False
2021-07-27,0.13499602574162137,0.012894902287162502,51.85895657537845,False,False,False
2021-07-28,0.13472102555051774,0.005820804474118368,50.99351584551362,False,False,False
2021-07-29,0.14298904425608036,0.03727080620676548,54.67136197107259,False,False,False
2021-07-30,0.14362383571089157,0.03390844081688438,54.251918292996194,False,False,False
2021-08-02,0.14429678774098995,0.057235148642392764,56.849882049004634,False,False,False
2021-08-03,0.14516339408759085,0.04847043212263502,55.79929109245897,False,False,False
2021-08-04,0.14687163837553674,0.06453626017827196,57.4128867789769,False,False,False
2021-08-05,0.14687673307892563,0.05042714253549008,55.91804653794571,False,False,False
2021-08-06,0.1447962573574076,0.062439996114215246,57.39167228265223,False,False,False
2021-08-09,0.14204701283890087,0.04854901018790003,56.0240648460972,False,False,False
2021-08-10,0.14177525010888806,0.04755477863507096,55.92184702075982,False,False,False
2021-08-11,0.14168904046156164,0.04212881219120446,55.3253681054128,False,False,False
2021-08-12,0.14182509763601217,0.041156181788942536,55.20007117046311,False,False,False
2021-08-13,0.14227969104779373,0.035069678938251414,54.44587701190427,False,False,False
2021-08-16,0.14213985168272456,0.036348502426964746,54.60805752994586,False,False,False
2021-08-17,0.1465588272141002,0.013161474070291446,51.83211184418059,False,False,False
2021-08-18,0.1422691195647969,0.0018380601802039376,50.508259227429704,False,False,False
2021-08-19,0.1426589151598527,-0.0033277353317232583,49.88713616139629,False,True,False
2021-08-20,0.1444501663402205,-0.020049158990948057,47.91371834968912,False,True,False
2021-08-23,0.1481235047883829,-0.003795689036416361,49.86065256716094,False,True,False
2021-08-24,0.15030087476364562,0.0026366764220402406,50.589357701406605,False,False,False
2021-08-25,0.14980267561144323,-0.0010217520153703585,50.180924255357446,False,True,False
2021-08-26,0.15080803221293787,-0.0041716716797550735,49.83078151537547,False,True,False
2021-08-27,0.15075212447321595,-0.0004895834348503936,50.24352565174009,False,True,False
2021-08-30,0.15076141373495544,-0.0002476549359353708,50.27052295525963,False,True,False
2021-08-31,0.15056469744871,-0.0027225549218095058,49.992244496116555,False,True,False
2021-09-01,0.1503666520705193,0.007037139400618342,51.09093514969442,False,False,False
2021-09-02,0.15035466060418762,0.006120914519413434,50.99015011706811,False,False,False
2021-09-03,0.14998161687809894,-0.003946314342096469,49.850064333083374,False,True,False
2021-09-06,0.15422398613494004,0.016473410423137214,52.1050728050372,False,False,False
2021-09-07,0.1552617018694242,0.03211829316185755,53.74303179356443,False,False,False
2021-09-08,0.15188974336480016,0.04392899808395745,55.091545581167146,False,False,False
2021-09-09,0.1511773812900518,0.03099262857577112,53.74357361131254,False,False,False
2021-09-10,0.15123886943396517,0.03135810057373711,53.78075394529153,False,False,False
2021-09-13,0.15208052406533762,0.024581296657883334,52.99683487382553,False,False,False
2021-09-14,0.15249698095601263,0.013094889747895522,51.73916894601859,False,False,False
2021-09-15,0.15191436989297769,-0.0027395065008857244,49.995463326999754,False,True,False
2021-09-16,0.15380522344192876,-0.01193206157018023,48.99355912086777,False,True,False
2021-09-17,0.15223300740222262,-0.017336996358265133,48.36995683652692,False,True,False
2021-09-22,0.1522724053539402,-0.024964780161969458,47.51589341554585,False,True,False
2021-09-23,0.1521599913907667,-0.011865527575415258,48.98189412730258,False,True,False
2021-09-24,0.1511718426719458,-0.024101721966993672,47.57570395782237,False,True,False
2021-09-27,0.15100109057984304,-0.021289858037725318,47.88255167385435,False,True,False
2021-09-28,0.14728179564374116,-0.004303162480936762,49.79363500023869,False,True,False
2021-09-29,0.14908687632185635,-0.0230544294419327,47.626516854742526,False,True,False
2021-09-30,0.14965670211961787,-0.012186524773756702,48.90365369401922,False,True,False
2021-10-08,0.14889865986751108,-0.017393550367830746,48.27874146302263,False,True,False
2021-10-11,0.1488108082563516,-0.007356500437883051,49.44726259865823,False,True,False
2021-10-12,0.15090440216146075,-0.02085534806883005,47.929473050265955,False,True,False
2021-10-13,0.1495807837069876,-0.02498530038904112,47.42419548647475,False,True,False
2021-10-14,0.14935695115255718,-0.026882408236752475,47.18969138807093,False,True,False
2021-10-15,0.1494731890774721,-0.013063571837373944,48.79844363220995,False,True,False
2021-10-18,0.14885136149263636,-0.025961318670937428,47.278586079235744,False,True,False
2021-10-19,0.15017910398636036,-0.008605293306241713,49.31856184569804,False,True,False
2021-10-20,0.15020736750850938,-0.008957353956793535,49.27892113933038,False,True,False
2021-10-21,0.1503271044476543,-0.012445636852973285,48.886055320711016,False,True,False
2021-10-22,0.14909095498834826,-0.018763572669448614,48.130161398980434,False,True,False
2021-10-25,0.14910440308932088,-0.018646673149673276,48.14435525835528,False,True,False
2021-10-26,0.14855044156980268,-0.014270062815124995,48.63742130702587,False,True,False
2021-10-27,0.14364518072099644,-0.004707409982585342,49.72766784668321,False,True,False
2021-10-28,0.13516696970023093,0.013685061981865365,51.94170336472283,False,False,False
2021-10-29,0.135937310839093,0.023666941918130124,53.11139177444115,False,False,False
2021-11-01,0.12628220796340617,-0.0002586897156701129,50.20778698767786,False,True,False
2021-11-02,0.12556136501034929,0.003418580593590681,50.68624119437572,False,False,False
2021-11-03,0.12265623234068435,-0.00954889627230815,48.94197793763371,False,True,False
2021-11-04,0.1229249461091282,0.0050272899362060475,50.91358945738599,False,False,False
2021-11-05,0.12047944315127315,-0.011227982477985732,48.6780227318816,False,True,False
2021-11-08,0.11992636502216739,-0.005083100235640292,49.52275660087829,False,True,False
2021-11-09,0.12011561344074244,-0.0021814003692524064,49.931333901811975,False,True,False
2021-11-10,0.1201706052749615,-0.0056646052103227484,49.44794376616394,False,True,False
2021-11-11,0.12168448064358622,-0.0020389569066944224,49.957771458097184,False,True,False
2021-11-12,0.12165780622117077,-0.0003790884762480129,50.18573040440291,False,True,False
2021-11-15,0.12130740192213424,0.002979970213303318,50.65093866292274,False,False,False
2021-11-16,0.12087474620805722,0.008399207328692482,51.4129040581718,False,False,False
2021-11-17,0.12089769001183659,0.0142057482425475,52.21431542949037,False,False,False
2021-11-18,0.11627669772756345,0.024587667816990955,53.72725025550856,False,False,False
2021-11-19,0.11624028922102693,0.024437419028385143,53.7075526980962,False,False,False
2021-11-22,0.11622383444132375,0.03587381879430063,55.2934241592204,False,False,False
2021-11-23,0.11348498162047478,0.04493889377906646,56.70224017672606,False,False,False
2021-11-24,0.10913902546117057,0.030378822434210084,54.81753227238237,False,False,False
2021-11-25,0.10500189058092595,0.013196668988036508,52.30712453677106,False,False,False
2021-11-26,0.10677970051941267,0.00040413019408291895,50.27263785947312,False,False,False
2021-11-29,0.10351447491293608,0.010654574435436048,51.919773996977995,False,False,False
2021-11-30,0.10384776375527259,0.005255854837366014,51.04422403099933,False,False,False
2021-12-01,0.10392129789047572,0.006214149208639386,51.19385106096234,False,False,False
2021-12-02,0.10438189470877883,-0.0002846494777892783,50.1567489712622,False,True,False
2021-12-03,0.10523457557295575,0.003219823974242031,50.706403403705735,False,False,False
2021-12-06,0.10701155594166266,-0.006373933704520662,49.230591069977855,False,True,False
2021-12-07,0.10709944252985573,0.0014687483280231284,50.42699522474944,False,False,False
2021-12-08,0.10369088160950062,-0.004068375806990487,49.564315497301735,False,True,False
2021-12-09,0.10255827836950035,-0.007018570232222743,49.093042858492325,False,True,False
2021-12-10,0.10239182574550645,-0.005986447325234012,49.252125564464706,False,True,False
2021-12-13,0.10273226006674539,0.0029513063028931974,50.651263853011,False,False,False
2021-12-14,0.1029230928460294,-0.011403472440159046,48.41134318472868,False,True,False
2021-12-15,0.10312356212202606,-0.012047494086586119,48.31427892859868,False,True,False
2021-12-16,0.10360295366882756,0.0025249486763423423,50.58316246988984,False,False,False
2021-12-17,0.10620209100518924,-0.004095185275777791,49.57918942683983,False,True,False
2021-12-20,0.1092733656054215,-0.009444711562662467,48.79580985096684,False,True,False
2021-12-21,0.11006792551719874,-0.007087159138561394,49.15867728541902,False,True,False
2021-12-22,0.10987155377797476,0.0002160942797582166,50.24217363227392,False,False,False
2021-12-23,0.10964570819880398,-0.0008209871609089481,50.0875844030703,False,True,False
2021-12-24,0.10973532694862366,-0.0013996929003776692,50.001653908016635,False,True,False
2021-12-27,0.10971526266514307,-0.000335760563446863,50.16032828964063,False,True,False
2021-12-28,0.11026475419034763,0.004323831167917902,50.84398614991161,False,False,False
2021-12-29,0.10854763285022755,0.008350060396401293,51.442563856151565,False,False,False
2021-12-30,0.10826339751196358,0.0072155710015817665,51.278315255210785,False,False,False
2021-12-31,0.10890121144986116,0.011304021776713524,51.86287709323917,False,False,False
2022-01-04,0.10889105492322354,0.0023494995245292305,50.55158483099164,False,False,False
2022-01-05,0.10975343065912826,0.0006620382372408695,50.30465239241205,False,False,False
2022-01-06,0.11023617363765909,-0.01762727658421248,47.60830568495141,False,True,False
2022-01-07,0.1100724440548976,-0.020133794274365124,47.21340588856948,False,True,False
2022-01-10,0.10929069377791843,-0.0236234024974753,46.649660516979,False,True,False
2022-01-11,0.11002841458099188,-0.02656438036680897,46.237096746666154,False,True,False
2022-01-12,0.11246061078312732,-0.022176035382881043,46.95087594890065,False,True,False
2022-01-13,0.11416021080030002,-0.029227308211511316,45.98805112342436,False,True,False
2022-01-14,0.11440563132529279,-0.031035518173969212,45.74573843343827,False,True,False
2022-01-17,0.1150292857789411,-0.027988783521370908,46.22707451182864,False,True,False
2022-01-18,0.11481193754490444,-0.029711504912065978,45.95669694021866,False,True,False
2022-01-19,0.11602982393435578,-0.03600881608322437,45.130760734860296,False,True,False
2022-01-20,0.11368007875046204,-0.018018680534822695,47.63627991877464,False,True,False
2022-01-21,0.11416659387165594,-0.019885151149857228,47.38240802144845,False,True,False
2022-01-24,0.1129310417057361,-0.028371083958037446,46.07665153087394,False,True,False
2022-01-25,0.12113265670231846,-0.0502286733671663,43.25183760520554,False,True,False
2022-01-26,0.12106472022273017,-0.044861448608010224,43.97798798433915,False,True,False
2022-01-27,0.12888797059097368,-0.06608177448033759,41.46579791027255,False,True,False
2022-01-28,0.1275668208717546,-0.0757727366234281,39.98733865179683,False,True,False
2022-02-07,0.1334705806061731,-0.05529612112061999,43.11708197410634,False,True,False
2022-02-08,0.13359875449560257,-0.05961822378436865,42.6096793831454,False,True,False
2022-02-09,0.1363633261496067,-0.05052617051354069,43.96349652949283,False,True,False
2022-02-10,0.13635904279780947,-0.047912584536276004,44.27367471282409,False,True,False
2022-02-11,0.1355314080448451,-0.07323085508310645,40.98421874374355,False,True,False
2022-02-14,0.13580880021086428,-0.07895591752555609,40.35726441958093,False,True,False
2022-02-15,0.1373639138493882,-0.0697531542203198,41.70885866668374,False,True,False
2022-02-16,0.1376556160192377,-0.06698939554457894,42.11618420913407,False,True,False
2022-02-17,0.1374602834361577,-0.0687041465879038,41.86421193630665,False,True,False
2022-02-18,0.13702214473800986,-0.05957514514155382,42.92889171066683,False,True,False
2022-02-21,0.13605606175901847,-0.06914527947980076,41.62686102342323,False,True,False
2022-02-22,0.13721702210997913,-0.08642264922869336,39.5417382188042,False,True,False
2022-02-23,0.14111158192387324,-0.06966714146154596,41.926730262239694,False,True,False
2022-02-24,0.1452839026496399,-0.0881246216638012,40.015920798516284,False,True,False
2022-02-25,0.14634809179714361,-0.07983271400576453,41.128075661866674,False,True,False
2022-02-28,0.14540468144591162,-0.06962658886111062,42.192895149021005,False,True,False
2022-03-01,0.14733399831360217,-0.05716597255361444,43.79856255817467,False,True,False
2022-03-02,0.14769628488506392,-0.05981486832026728,43.53017157710629,False,True,False
2022-03-03,0.14759803470286154,-0.0652894492140671,42.9050416664447,False,True,False
2022-03-04,0.1491821118159914,-0.07222816234978535,42.223336249603854,False,True,False
2022-03-07,0.1534005512026674,-0.09871938658282353,39.430548414979576,False,True,False
2022-03-08,0.15795867039131858,-0.10976374905851372,38.4543987757453,False,True,False
2022-03-09,0.15754303227914215,-0.11759340733199541,37.565088210765026,False,True,False
2022-03-10,0.15712390406300222,-0.1185824171554214,37.42043970590913,False,True,False
2022-03-11,0.15596954408026925,-0.12442333040595455,36.555302626278895,False,True,False
2022-03-14,0.16481862903959096,-0.14616167496474464,34.77385685418703,False,True,False
2022-03-15,0.18246175376202892,-0.18619845634631593,31.459285982274807,True,True,True
2022-03-16,0.2047022372222667,-0.14539122404788563,36.86799750851406,True,True,True
2022-03-17,0.2123839802562537,-0.11635538086841535,40.084275342944956,True,True,True
2022-03-18,0.21278570548379638,-0.1147518086595033,40.26747944287565,True,True,True
2022-03-21,0.211692587949155,-0.10106965642155119,41.387635691760785,True,True,True
2022-03-22,0.20927277196638663,-0.08347993407709875,42.83550709610424,True,True,True
2022-03-23,0.21000919549755656,-0.08083254058802136,43.125435681361814,True,True,True
2022-03-24,0.2102155919743236,-0.09054891217774086,42.267089199851405,True,True,True
2022-03-25,0.21093745502656602,-0.10636049629650268,40.875718958732804,True,True,True
2022-03-28,0.21097698035134158,-0.10698043336828,40.82768019496817,True,True,True
2022-03-29,0.21097839835474047,-0.10694702868461214,40.831446040913264,True,True,True
2022-03-30,0.21483635137015641,-0.09472987655433762,42.184327773522654,True,True,True
2022-03-31,0.21495052867234635,-0.09540235750942305,42.13276703583973,True,True,True
2022-04-01,0.2145297486630544,-0.09873373108957606,41.77462610822723,True,True,True
2022-04-06,0.21395006565737526,-0.10775038177795615,40.89839221843201,True,True,True
2022-04-07,0.2158238231147259,-0.11810767782048726,40.12065712318312,True,True,True
2022-04-08,0.21438451378406054,-0.10561368708906749,41.064350255422376,True,True,True
2022-04-11,0.22083423021259957,-0.12259507765381883,39.804447679262765,True,True,True
2022-04-12,0.22336501077993823,-0.110039659293928,41.17847010575468,True,True,True
2022-04-13,0.22339464848664364,-0.11985753958903711,40.35947060374059,True,True,True
2022-04-14,0.2250866963468609,-0.10109773101731157,42.09315096633178,True,True,True
2022-04-15,0.22231912036022966,-0.120830569496308,40.19651746851901,True,True,True
2022-04-18,0.22169472525117645,-0.1116203791218997,40.87567575410866,True,True,True
2022-04-19,0.2216389072842842,-0.11058842226018706,40.95247621593441,True,True,True
2022-04-20,0.22170485188098338,-0.12580871123200865,39.62681358526236,True,True,True
2022-04-21,0.2227766186817192,-0.1393992771504351,38.58543429208383,True,True,True
2022-04-22,0.22251377547353665,-0.13708390789154723,38.749112298230386,True,True,True
2022-04-25,0.23846880115456842,-0.18035191143370355,35.64641273140562,True,True,True
2022-04-26,0.2382494314467873,-0.17637986190913624,35.90464213553861,True,True,True
2022-04-27,0.24379762753358303,-0.15729093285996054,38.03169518657321,True,True,True
2022-04-28,0.24087648235717662,-0.13492151533755214,39.65883422305277,True,True,True
2022-04-29,0.2516771879179953,-0.10748902034224861,42.40211314448401,True,True,True
2022-05-05,0.24800197356519013,-0.0881649280586636,43.72687683453915,True,True,True
2022-05-06,0.25283730933027954,-0.10901929820691025,42.302649947867806,True,True,True
2022-05-09,0.24958883246744085,-0.13077943077480625,40.371247477669876,True,True,True
2022-05-10,0.25024170320457684,-0.12121291325663552,41.201542172639684,True,True,True
2022-05-11,0.2503910472205008,-0.12071530836413058,41.25025824774578,True,True,True
2022-05-12,0.2503761611573329,-0.12492645881377773,40.95322709671649,True,True,True
2022-05-13,0.2507462968815227,-0.1027811155443662,42.725262615073156,True,True,True
2022-05-16,0.25060553181444506,-0.09976484425573429,42.93202595410877,True,True,True
2022-05-17,0.2515465536849553,-0.09582225506562081,43.29473862285343,True,True,True
2022-05-18,0.2513351258339308,-0.10141182965009665,42.840216343474474,True,True,True
2022-05-19,0.2512736086897659,-0.10544123534351812,42.535935440638234,True,True,True
2022-05-20,0.2535821045590561,-0.09382498767259129,43.590787158097896,True,True,True
2022-05-23,0.2535658166333403,-0.09315021069094798,43.63646776028734,True,True,True
2022-05-24,0.25709877074762905,-0.10444116458004571,42.89204165814363,True,True,True
2022-05-25,0.25547398090028917,-0.1112175333483637,42.276981160340206,True,True,True
2022-05-26,0.2534346677845373,-0.0908216865487198,43.733165167918656,True,True,True
2022-05-27,0.2535161089623567,-0.09032866924602301,43.77710157401787,True,True,True
2022-05-30,0.25456970835064635,-0.0823079314717915,44.477974413159515,True,True,True
2022-05-31,0.2549169112234987,-0.0808255098461178,44.60565930520597,True,True,True
2022-06-01,0.25465527440745417,-0.0759872763071262,44.93659293497198,True,True,True
2022-06-02,0.25474156971816614,-0.07029436454260851,45.36836072921254,True,True,True
2022-06-06,0.2569146157252076,-0.04087846784991045,47.61047899931255,True,True,True
2022-06-07,0.2533643171274558,-0.019277560484952327,49.13733638605826,True,True,True
2022-06-08,0.250731691078824,0.014961520372150261,51.6312556462397,True,False,False
2022-06-09,0.2517538793827827,0.007740644000935326,51.10049076329876,True,False,False
2022-06-10,0.2515706803630371,0.006688598246545663,51.02545380158186,True,False,False
2022-06-13,0.2533690791683146,-0.008785123520855587,49.908874819684755,True,True,True
2022-06-14,0.24648259666927563,0.020347562207500003,52.02519034071413,True,False,False
2022-06-15,0.23034772048583055,0.06955926914752997,55.77534535886331,True,False,False
2022-06-16,0.21400581040820996,0.024183674953174528,52.45622745016189,True,False,False
2022-06-17,0.20807924173044573,0.006494553455660412,51.0001448834488,True,False,False
2022-06-20,0.20718166506978414,-0.00043120245228245313,50.40433934193662,True,True,True
2022-06-21,0.20713733376823676,-0.0033592308854322184,50.14788910284,True,True,True
2022-06-22,0.20904535157030668,-0.01904526553771524,48.78999065038927,True,True,True
2022-06-23,0.20963343274975563,-0.017017964024316545,48.97347261724139,True,True,True
2022-06-24,0.21034709664563497,0.0017520784383924237,50.59205291426577,True,False,False
2022-06-27,0.21063302972616715,0.028695779164751523,52.8437574966618,True,False,False
2022-06-28,0.21126071719604286,0.04455504088795048,54.10742173637129,True,False,False
2022-06-29,0.21460583907903832,0.026068877410587055,52.54465424387165,True,False,False
2022-06-30,0.21192152020594515,0.01637895872252737,51.78678888268054,True,False,False
2022-07-01,0.21154248264036019,0.01850124605832071,51.96507638634923,True,False,False
2022-07-04,0.2119208262718961,0.023147281510336626,52.3279589510663,True,False,False
2022-07-05,0.21172987076264108,0.02720605765454076,52.67115808691199,True,False,False
2022-07-06,0.2109328168457316,0.029933615166280125,52.90102993924738,True,False,False
2022-07-07,0.21102311248889763,0.0338156570390209,53.196588447334456,True,False,False
2022-07-08,0.20191301466607436,0.06456927053782358,55.874786862628355,True,False,False
2022-07-11,0.20293781245266707,0.032827298145191364,53.23025788795562,True,False,False
2022-07-12,0.20391923286897715,0.02816437737794586,52.81878280592422,True,False,False
2022-07-13,0.20228544208850222,0.016011565503414094,51.82361521071336,True,False,False
2022-07-14,0.20188385425777985,0.02636884114292659,52.72963761753763,True,False,False
2022-07-15,0.2034471898765152,0.01419459784120436,51.64533629603354,True,False,False
2022-07-18,0.20525854107072938,0.03261901101765741,53.15761525400496,True,False,False
2022-07-19,0.20427205429751966,0.03824359344209327,53.650133126074756,True,False,False
2022-07-20,0.20301445279997635,0.06364113696005025,55.75588875196664,True,False,False
2022-07-21,0.2028033633002496,0.06528211793737682,55.90408759755608,True,False,False
2022-07-22,0.17855858197954638,0.11501509231774754,60.58651003822202,False,False,False
2022-07-25,0.17902133723243627,0.11174086526465477,60.25518160760548,False,False,False
2022-07-26,0.1745678597597637,0.09716606526279281,59.23445852982981,False,False,False
2022-07-27,0.1747726222867516,0.08913038513210725,58.543077004380926,False,False,False
2022-07-28,0.16201813057137637,0.061036772091652924,56.30741208631972,False,False,False
2022-07-29,0.16373026715063888,0.050947518239420786,55.24592813851441,False,False,False
2022-08-01,0.15455819782419128,0.08480308644334844,58.69801841719247,False,False,False
2022-08-02,0.15779534908317314,0.07464687755785127,57.59226507892381,False,False,False
2022-08-03,0.15758821978573054,0.06419300603604738,56.6527162489931,False,False,False
2022-08-04,0.15644095594447283,0.05995638985572893,56.29261416398996,False,False,False
2022-08-05,0.15914376537537583,0.08190039381190295,58.21071413611893,False,False,False
2022-08-08,0.1579166810749292,0.06708154123954979,56.94564092099192,False,False,False
2022-08-09,0.15774084291036253,0.07130781843032619,57.364336168841994,False,False,False
2022-08-10,0.1577437163661913,0.04561340195394137,54.89319697602362,False,False,False
2022-08-11,0.16303264738932235,0.07073628220149586,57.08879095692566,False,False,False
2022-08-12,0.1629048185092653,0.07216296633774344,57.23954630283869,False,False,False
2022-08-15,0.16022510142494933,0.0580123575324647,56.06911295641828,False,False,False
2022-08-16,0.1602653877726494,0.05757137137299484,56.02153614546167,False,False,False
2022-08-17,0.1510237590768044,0.08951570100979955,59.41918623390484,False,False,False
2022-08-18,0.15136271642484497,0.07517504702520084,58.02346811876452,False,False,False
2022-08-19,0.15208353084924733,0.06356542868129722,56.831718359488455,False,False,False
2022-08-22,0.1515755455701409,0.05951870624969158,56.47749170826139,False,False,False
2022-08-23,0.15063569409870783,0.045271255124623266,55.09685942495353,False,False,False
2022-08-24,0.15202464233792068,0.017432859799948686,52.15828805594347,False,False,False
2022-08-25,0.15331002922657377,0.02949454719596445,53.373385615942894,False,False,False
2022-08-26,0.15325913225222476,0.025910373551230936,53.0164422676936,False,False,False
2022-08-29,0.14898979094735662,0.00011919306489205361,50.29713016696736,False,False,False
2022-08-30,0.14902502902160206,-0.0027400465306564037,49.98429146636042,False,True,False
2022-08-31,0.14705352595970472,-0.020376844163439767,47.99793372083209,False,True,False
2022-09-01,0.14646753874815624,-0.018471295081357475,48.20347261030111,False,True,False
2022-09-02,0.14491353423734826,-0.028765539787526273,46.960802052196854,False,True,False
2022-09-05,0.1419331801145009,-0.015444710169052023,48.45043763779906,False,True,False
2022-09-06,0.14294684493865376,-0.007872236563580381,49.364758485026485,False,True,False
2022-09-07,0.14266968385960124,-0.014033453108723726,48.63736321590868,False,True,False
2022-09-08,0.1426365761408866,-0.013282764642725042,48.72323586973366,False,True,False
2022-09-09,0.14335175165889186,-0.01080055799722246,49.023599738464895,False,True,False
2022-09-13,0.14354712879122544,-0.009143696567904147,49.22065142241275,False,True,False
2022-09-14,0.1463118951837792,-0.022277244345533687,47.764801404911985,False,True,False
2022-09-15,0.1447998521097638,-0.017759575113575843,48.25578990427935,False,True,False
2022-09-16,0.14595777739313218,-0.04939603879629484,44.611850658481195,False,True,False
2022-09-19,0.14421047866653602,-0.06612909794390676,42.53989370130127,False,True,False
2022-09-20,0.1417734017311209,-0.0724595159257082,41.632013384551385,False,True,False
2022-09-21,0.14022481003055323,-0.08870958169746546,39.52430271210199,False,True,False
2022-09-22,0.13682241500539116,-0.07964429966271325,40.43901586356379,False,True,False
2022-09-23,0.13537002529136807,-0.09463167485677093,38.41933343891025,False,True,False
2022-09-26,0.13518659246593767,-0.09367519432085691,38.51556093952711,False,True,False
2022-09-27,0.13881611354106274,-0.08553209430633046,39.81627605278504,False,True,False
2022-09-28,0.142577769909099,-0.10154403901020714,38.245564128720346,False,True,False
2022-09-29,0.14085499362619022,-0.08682595028944451,39.82678376845856,False,True,False
2022-09-30,0.14191246459676815,-0.10062965251715061,38.29204791031368,False,True,False
2022-10-10,0.14529843345316662,-0.11607084035791304,36.856761951893155,False,True,False
2022-10-11,0.14240505878437257,-0.1035521818694799,38.00976541532495,False,True,False
2022-10-12,0.14425675996155776,-0.08008807459696465,40.94570928703357,False,True,False
2022-10-13,0.14472302052690353,-0.08786588430134645,40.14426998552461,False,True,False
2022-10-14,0.15393109697285223,-0.06885659250501941,42.78159598283544,False,True,False
2022-10-17,0.15244510045887774,-0.061404761121804374,43.50643393949278,False,True,False
2022-10-18,0.1499509334636037,-0.0684728140606854,42.566638666434315,False,True,False
2022-10-19,0.15122036720212975,-0.07421643522518806,42.00561461136744,False,True,False
2022-10-20,0.14927425264124372,-0.08673039978880626,40.38663774156027,False,True,False
2022-10-21,0.14918130843532923,-0.08556658740706369,40.49880534800255,False,True,False
2022-10-24,0.15243547755176645,-0.10047926888242076,39.103153733216864,False,True,False
2022-10-25,0.15218589828417223,-0.09477792044822064,39.63404803330041,False,True,False
2022-10-26,0.15293275287188343,-0.09270083262893081,39.93187774574632,False,True,False
2022-10-27,0.1529283404682551,-0.09261363011733004,39.940033171073864,False,True,False
2022-10-28,0.1582463840547541,-0.1197493093552554,37.18190869302775,False,True,False
2022-10-31,0.157755691860317,-0.1063966049725773,38.578617388875955,False,True,False
2022-11-01,0.1688645089062862,-0.08638534402140885,41.33608075826892,False,True,False
2022-11-02,0.16714903115775198,-0.06412323337998804,43.62183635319219,False,True,False
2022-11-03,0.1674353786190428,-0.06714610280383071,43.33910607860614,False,True,False
2022-11-04,0.1748000582430432,-0.0523700271894697,45.10564919186732,False,True,False
2022-11-07,0.17137695345377893,-0.06418327884823216,43.71519764822661,False,True,False
2022-11-08,0.17148413245584335,-0.06595735006454762,43.55053644729155,False,True,False
2022-11-09,0.1716085074165636,-0.0722463912296405,42.93185139387627,False,True,False
2022-11-10,0.17093963852098343,-0.06924951587086414,43.20467256573509,False,True,False
2022-11-11,0.17391571529604669,-0.06483138918726461,43.747200359101384,False,True,False
2022-11-14,0.17391247489163014,-0.06464037230536046,43.764783219909965,False,True,False
2022-11-15,0.17989884945407422,-0.04634848808003189,45.856120686886534,False,True,False
2022-11-16,0.17994336696917773,-0.04706661532424039,45.79086302702071,False,True,False
2022-11-17,0.1796110482265466,-0.052538667682022866,45.214563132758734,False,True,False
2022-11-18,0.17945741983007205,-0.051214680796431655,45.33463239714142,False,True,False
2022-11-21,0.17957262951407807,-0.051961676231242926,45.26693603526852,False,True,False
2022-11-22,0.18004416716136926,-0.06392321745882168,44.11400612516626,True,True,True
2022-11-23,0.18012674814010077,-0.058221601976358284,44.67967650610246,True,True,True
2022-11-24,0.1778450393014876,-0.04320499226057273,46.06480556324989,False,True,False
2022-11-25,0.1763933502250456,-0.05299608819998525,44.96020702032742,False,True,False
2022-11-28,0.1771313557186324,-0.060587512976594926,44.25682685957168,False,True,False
2022-11-29,0.18314568424217265,-0.03296993506961354,47.19560159628875,True,True,True
2022-11-30,0.18312441593779138,-0.03151589564087898,47.330156324329145,True,True,True
2022-12-01,0.18507141399759047,-0.013155156339929142,49.13487960443057,True,True,True
2022-12-02,0.18412009252958084,-0.006912122878688698,49.717336207605825,True,True,True
2022-12-05,0.18566864056701926,0.005312468935388948,50.863318057327284,True,False,False
2022-12-06,0.18572339927044074,0.003972842189226666,50.73810658801804,True,False,False
2022-12-07,0.1851634227993572,-0.008056769228499627,49.618412239041305,True,True,True
2022-12-08,0.18518265830958927,-0.0041718546475351115,49.982650229764126,True,True,True
2022-12-09,0.18609539939198222,0.006154840306684228,50.93329702432105,True,False,False
2022-12-12,0.18557533764106265,-0.012403969013176419,49.21928872120124,True,True,True
2022-12-13,0.1853102372034137,-0.017319794401097544,48.748556097299044,True,True,True
2022-12-14,0.18331084724342012,0.0008834726957125394,50.45368151110585,True,False,False
2022-12-15,0.18246029189919954,0.006329956098774181,50.973551305268465,True,False,False
2022-12-16,0.17901302907099909,0.01827625855407078,52.135106596660506,False,False,False
2022-12-19,0.18032072954900963,0.012449508738310522,51.562079232284546,True,False,False
2022-12-20,0.18173132105432352,-0.007906665519866851,49.60861151707164,True,True,True
2022-12-21,0.18111569638887523,0.0005884060041092543,50.42636769483232,True,False,False
2022-12-22,0.18049812868721538,0.012111386518403489,51.54454404336295,True,False,False
2022-12-23,0.18018117662192285,0.014359339628387424,51.76732972280521,True,False,False
2022-12-26,0.17995522259767735,0.027174190961476663,53.001053782885926,False,False,False
2022-12-27,0.17849989040257172,0.022444788180866926,52.5657013924868,False,False,False
2022-12-28,0.17500302478259536,0.03513684340967038,53.86686499780517,False,False,False
2022-12-29,0.17519214623816387,0.027962209008435712,53.154601028533435,False,False,False
2022-12-30,0.17354941530428664,0.044392102181984194,54.82450209332785,False,False,False
