date,width_z,stress,fired,alert_level
2020-11-20,,0.0,0,green
2020-11-23,,0.47229893368729814,0,green
2020-11-24,,0.06989705499213059,0,green
2020-11-25,,0.16085058339223085,0,green
2020-11-26,,2.5927929716170207e-06,0,green
2020-11-27,,0.7461519157192713,1,green
2020-11-30,,0.5779264390342169,0,green
2020-12-01,,0.9919275230416154,1,red
2020-12-02,,0.00017011840208049333,0,green
2020-12-03,-0.9560383046683393,0.004460893817842804,0,green
2020-12-04,-0.8789826508581142,0.015233903140133752,0,green
2020-12-07,-0.998140379397432,0.0014907092855121781,0,green
2020-12-08,-1.0098947637630709,0.0004597379623544546,0,green
2020-12-09,1.260217237459518,0.9884982186412061,1,red
2020-12-10,-1.0728783026718078,0.002622795322687083,0,green
2020-12-11,-0.9615422448333374,0.031058718934494453,0,green
2020-12-14,-0.6192760477866918,0.18345099743510354,0,green
2020-12-15,-0.9762273467449765,0.0004653780809392539,0,green
2020-12-16,-0.9438461106591495,0.0009616042689990476,0,green
2020-12-17,0.7243162693416562,0.7256858130279923,1,green
2020-12-18,-0.8323011170083686,0.031330414561428745,0,green
2020-12-21,1.3974311949468725,0.9258406639189021,1,yellow
2020-12-22,1.7187028269783908,0.9999577283855229,1,red
2020-12-23,-0.7474359032081078,0.0032719668481985364,0,green
2020-12-24,-0.7275837031410269,0.0014334628783732157,0,green
2020-12-25,-0.651845447468939,0.03492777810173729,0,green
2020-12-28,-0.5141109962344012,0.10386252410976167,0,green
2020-12-29,1.8203764373678761,0.9931865377203507,1,red
2020-12-30,0.5822124402404307,0.5385152368949142,0,green
2020-12-31,1.6768332095947136,0.9255780499689509,1,yellow
2021-01-04,1.9463335829986765,0.9993186005301922,1,red
2021-01-05,1.7687622650902577,0.9568234937791186,1,yellow
2021-01-06,-0.5007700306736523,0.0011315446908689737,0,green
2021-01-07,-0.359653508363592,0.09022685424306295,0,green
2021-01-08,0.1761929253163356,0.33454267015583916,0,green
2021-01-11,0.7324695843175968,0.518201733729627,0,green
2021-01-12,0.5361151650290631,0.40628965309939863,0,green
2021-01-13,-0.3362874847958292,0.0013353862109751953,0,green
2021-01-14,-0.20746090922304916,0.0306286973057552,0,green
2021-01-15,-0.2640793138947238,0.006470326260133975,0,green
2021-01-18,1.7266511979174846,0.777599787690106,1,green
2021-01-19,-0.26012229023534755,0.008811025212877532,0,green
2021-01-20,0.4177712962783324,0.33011077964528496,0,green
2021-01-21,-0.29120359831780956,0.01138668886788327,0,green
2021-01-22,0.0929027242138452,0.1576361491058387,0,green
2021-01-25,0.02758101214799475,0.12337248578430715,0,green
2021-01-26,2.597735395103222,0.9938273648054639,1,red
2021-01-27,-0.2742864409942939,0.00021791791592869715,0,green
2021-01-28,2.555768735863361,0.9987374911683574,1,red
2021-01-29,-0.16868506122034388,0.0017492824708435907,0,green
2021-02-01,-0.21663011111186753,0.0036903492409361026,0,green
2021-02-02,-0.025435340840217455,0.09130006187050921,0,green
2021-02-03,-0.20243481203426983,0.0029555651273773737,0,green
2021-02-04,-0.22692014899075355,0.0009281816288877402,0,green
2021-02-05,-0.027333072581338574,0.08375217833823342,0,green
2021-02-08,-0.2554058288535666,0.0019192597881144261,0,green
2021-02-09,0.542662218645012,0.33811868299055203,0,green
2021-02-10,-0.12392070404120997,0.0678516644558904,0,green
2021-02-18,2.6282823997433673,0.9998271524674489,1,red
2021-02-19,-0.1852725518825311,6.801425301911582e-05,0,green
2021-02-22,-0.8332411910923345,0.0,0,green
2021-02-23,-0.8212808149772374,0.00037467150285324844,0,green
2021-02-24,-0.5404123347378837,0.12247056105213612,0,green
2021-02-25,-0.7507925369234316,0.0013416115327396488,0,green
2021-02-26,-0.2626904332949957,0.1918030580378535,0,green
2021-03-01,-0.5991230584987125,0.00028174200661430527,0,green
2021-03-02,-0.6196215290889414,0.00027355617970605483,0,green
2021-03-03,-0.5643449880141427,0.0005749078632929121,0,green
2021-03-04,1.3784536916111803,0.7959410941080785,1,green
2021-03-05,-0.5645886100064303,7.777959158990642e-05,0,green
2021-03-08,1.9710609405502055,0.9651040019820977,1,yellow
2021-03-09,-0.45064209341088984,0.008812511241181467,0,green
2021-03-10,-0.4750802086798686,0.0009197010897793404,0,green
2021-03-11,-0.39151708101727056,0.0008795827271749278,0,green
2021-03-12,-0.46106944914256587,3.642167973773656e-05,0,green
2021-03-15,-0.36293368790203295,0.042902585315586,0,green
2021-03-16,-0.5318601211964737,6.818152566748952e-05,0,green
2021-03-17,-0.5893870110496724,9.539015677644189e-05,0,green
2021-03-18,-0.6777565971539202,0.00010793686538023079,0,green
2021-03-19,-0.6098089938669995,0.01269921519266115,0,green
2021-03-22,-0.7257598664471169,0.0001359004771480605,0,green
2021-03-23,-0.7251621642755541,0.00039089863768944523,0,green
2021-03-24,-0.7388520245713726,0.0001844296666967438,0,green
2021-03-25,-0.8063536800802544,0.00013387076978519323,0,green
2021-03-26,-0.8440222597479118,0.0047749737559194105,0,green
2021-03-29,-0.9119844013680971,0.0009256652698882853,0,green
2021-03-30,-0.9489391715065946,0.0001271204660251621,0,green
2021-03-31,-0.9838252344248274,0.0005824479622258533,0,green
2021-04-01,-0.9465495990927729,0.028309873964295258,0,green
2021-04-02,-0.8630267509188299,0.049432182381647365,0,green
2021-04-06,-1.1221566487501256,0.00010147533345993821,0,green
2021-04-07,-1.1982780203028538,0.0004258879212876373,0,green
2021-04-08,-1.2335939578152924,0.00014128746893018223,0,green
2021-04-09,-1.2876768043662699,0.00029257806178916595,0,green
2021-04-12,-0.8656747513540415,0.1933778790473857,0,green
2021-04-13,-1.298536581979007,0.00033309208125755467,0,green
2021-04-14,-1.252191806858814,0.0009324173485834146,0,green
2021-04-15,-1.2530634255196234,0.00011774339485672784,0,green
2021-04-16,-1.2409881121355373,0.0008984847363281148,0,green
2021-04-19,0.0020193692402652296,0.661456202909367,1,green
2021-04-20,-1.2499686889891661,0.000612005696960971,0,green
2021-04-21,-1.2283142804566205,0.009241112584337172,0,green
2021-04-22,-1.2642844502208324,0.00040278188481779656,0,green
2021-04-23,-1.2323137562390551,0.0020874391585951066,0,green
2021-04-26,-1.246930066725235,0.00035377157377438766,0,green
2021-04-27,-1.236339125457067,0.00041765134013439244,0,green
2021-04-28,-1.2287598927508079,0.015471875786641116,0,green
2021-04-29,-1.238648434558695,0.0017401202112340133,0,green
2021-04-30,-1.210169432382475,0.06601456993689524,0,green
2021-05-06,0.9976966783234934,0.9967447906339234,1,red
2021-05-07,0.09347133494104964,0.5949656686973003,0,green
2021-05-10,-1.0166759251515833,0.03777452608092757,0,green
2021-05-11,1.0881990716742103,0.9206840268755507,1,yellow
2021-05-12,-0.9746510053743421,0.0030828374345544603,0,green
2021-05-13,-0.603786800286182,0.18426113612472006,0,green
2021-05-14,1.492342788434786,0.9689517296564116,1,yellow
2021-05-17,-0.7658332840859898,0.002734302452161826,0,green
2021-05-18,-0.756908342560267,0.0004966229760727642,0,green
2021-05-19,-0.7900784558934809,0.006679673621965943,0,green
2021-05-20,-0.8250447903190552,0.0039746022536715905,0,green
2021-05-21,-1.0371839145896444,0.0,0,green
2021-05-24,-1.0371389867495642,0.000374673366404059,0,green
2021-05-25,1.294197668017894,0.8740617497545251,1,green
2021-05-26,-0.9360354438223043,0.0003043080199099916,0,green
2021-05-27,-0.7844034401612929,0.06407352063545349,0,green
2021-05-28,-0.8860297781631338,0.002373888102956681,0,green
2021-05-31,-0.8685797210693482,0.0046918130849236735,0,green
2021-06-01,-0.8267544598869556,0.01251406468474169,0,green
2021-06-02,-0.8479099419954073,0.005254918842759302,0,green
2021-06-03,-0.9460405919644035,0.0010210884772238725,0,green
2021-06-04,-0.9935370967673335,0.06927953452550033,0,green
2021-06-07,-1.102357613864099,0.0375246244794255,0,green
2021-06-08,-1.0340526917888397,0.06500529211649761,0,green
2021-06-09,-1.1947404176319907,0.0005502398140751019,0,green
2021-06-10,-1.2601150162586037,0.004214409670508468,0,green
2021-06-11,-1.2956877622074998,0.009617591986997163,0,green
2021-06-15,1.3795436460017747,0.9327066379350613,1,yellow
2021-06-16,1.8082764543627319,0.9980940383110509,1,red
2021-06-17,1.8079513220734689,0.9711982955977879,1,yellow
2021-06-18,-0.2676350057338105,0.3038536587220164,0,green
2021-06-21,-0.9815001015998008,0.011771984148818894,0,green
2021-06-22,-0.9339121026772575,0.013088190982700967,0,green
2021-06-23,1.208666931450769,0.8186493012123154,1,green
2021-06-24,-1.054538537320461,2.1080895037178624e-05,0,green
2021-06-25,0.7338933873179426,0.6521642471961917,1,green
2021-06-28,-0.6730372743941184,0.10982084902045118,0,green
2021-06-29,-0.9149992536242454,6.689367002410624e-05,0,green
2021-06-30,-0.8981697937236017,0.0015581833619823771,0,green
2021-07-01,1.8700991306543893,0.9593684164801335,1,yellow
2021-07-02,2.1738386489919947,0.9999612673469949,1,red
2021-07-05,0.7918507337131054,0.5680963570586103,0,green
2021-07-06,-0.6202155771185998,0.01142819265706351,0,green
2021-07-07,-0.6006306711923375,0.006270968390823932,0,green
2021-07-08,1.383728134805249,0.739482998599904,1,green
2021-07-09,-0.5477666539854847,0.0032705481592379005,0,green
2021-07-12,-0.49056189831691815,0.01420149200839236,0,green
2021-07-13,1.643322225459854,0.8048163494128204,1,green
2021-07-14,-0.5718612459342522,0.0004549514645337523,0,green
2021-07-15,-0.6064018197064454,0.00458360482510484,0,green
2021-07-16,-0.5424392915634813,0.02050606054997328,0,green
2021-07-19,-0.5914099346676375,0.001554389315038874,0,green
2021-07-20,-0.638208233174815,3.0461086690002624e-05,0,green
2021-07-21,-0.5220212837297646,0.060702747431064435,0,green
2021-07-22,-0.6137686884320257,0.0068570809058762965,0,green
2021-07-23,-0.3990759329898399,0.11141470013252959,0,green
2021-07-26,2.3323363229026257,0.9999998756740774,1,red
2021-07-27,2.5133329852109974,0.9999845644748769,1,red
2021-07-28,-0.19549415192464104,0.01731109585553103,0,green
2021-07-29,2.531520977431913,0.9973434489230609,1,red
2021-07-30,0.2523347204836597,0.18114472631565726,0,green
2021-08-02,2.623140088278946,0.9998002749396144,1,red
2021-08-03,0.7615859886003408,0.3342115009254284,0,green
2021-08-04,0.1567639461991366,0.041697678935219064,0,green
2021-08-05,0.016360486729710657,0.00014093009024686,0,green
2021-08-06,0.02718986077605643,0.004719099447142197,0,green
2021-08-09,1.304743020347616,0.48762562324949676,0,green
2021-08-10,0.07810721122554999,0.008071866774934044,0,green
2021-08-11,0.05553448783266167,0.003323127733682328,0,green
2021-08-12,0.010612298501079323,8.873762839689789e-05,0,green
2021-08-13,-0.02232575193572756,0.0005954728531058063,0,green
2021-08-16,-0.16620131924521242,0.0,0,green
2021-08-17,1.0516854928674588,0.4722992352305575,0,green
2021-08-18,-0.02520759489048961,0.010542014189234688,0,green
2021-08-19,-0.012043464343952159,0.015558637952118403,0,green
2021-08-20,0.5204119871853654,0.22275853320736194,0,green
2021-08-23,0.6254220706978202,0.2977869932699536,0,green
2021-08-24,-0.21825776393877366,0.000245071196449323,0,green
2021-08-25,-0.2706592032213304,6.756079429279615e-05,0,green
2021-08-26,-0.2944910552186735,0.02866922918862847,0,green
2021-08-27,-0.44149045040396084,1.601068640946935e-05,0,green
2021-08-30,-0.5575896945054543,0.0005477235503853801,0,green
2021-08-31,1.1083622141911231,0.7186079438717201,1,green
2021-09-01,1.7588731622552345,0.9397982421724973,1,yellow
2021-09-02,-0.6242645734808836,0.013364720628192538,0,green
2021-09-03,-0.6550649948807121,0.0027491612094853422,0,green
2021-09-06,1.9054549624383568,0.963013460843635,1,yellow
2021-09-07,-0.6158663251530085,0.005526648070285613,0,green
2021-09-08,-0.6071600130292263,0.001462906818446329,0,green
2021-09-09,-0.4077139050623564,0.08125181390517815,0,green
2021-09-10,-0.5578722846965124,0.003870399946454165,0,green
2021-09-13,-0.5668383826934931,0.007126901796405602,0,green
2021-09-14,-0.6504327273286233,0.0006362261858304296,0,green
2021-09-15,-0.6840241688245436,1.2667906340016817e-05,0,green
2021-09-16,-0.6232337689019624,0.03677508941057015,0,green
2021-09-17,1.0770760174854193,0.7280604364347641,1,green
2021-09-22,1.8664749829519098,0.9958206995310508,1,red
2021-09-23,-0.746141929251949,0.0010869085865664473,0,green
2021-09-24,-0.7383775872672422,0.0026335775626368393,0,green
2021-09-27,1.8371192531609744,0.9810449501794621,1,red
2021-09-28,-0.6216017026710705,0.01372206878689129,0,green
2021-09-29,-0.022441165907759245,0.2702701053291247,0,green
2021-09-30,-0.6482177316824769,0.0026251778602605367,0,green
2021-10-08,2.012813517592672,0.9972622746111365,1,red
2021-10-11,-0.09157734090065119,0.23284201922702788,0,green
2021-10-12,-0.39031553353348974,0.09061472152292538,0,green
2021-10-13,-0.6725077985862872,0.0009293892194897475,0,green
2021-10-14,-0.6755131703708638,0.00033188272197111503,0,green
2021-10-15,-0.6707687008700082,0.0053741209460884945,0,green
2021-10-18,1.8093499179662047,0.956725581219645,1,yellow
2021-10-19,-0.6835309835478501,0.0028745676706721313,0,green
2021-10-20,-0.6294492981926965,0.02825114378439542,0,green
2021-10-21,-0.7087450311925158,0.0009888347918199493,0,green
2021-10-22,-0.6669196745660977,0.014309724260172229,0,green
2021-10-25,-0.766136343316018,7.459217225869615e-06,0,green
2021-10-26,-0.8398516714503931,5.790620235970087e-06,0,green
2021-10-27,-0.7871542164865813,0.017508084670995683,0,green
2021-10-28,-0.8202219420110655,0.0013366023359904747,0,green
2021-10-29,-0.8069672657037886,0.002043925655817452,0,green
2021-11-01,1.216260797547125,0.7824513149428028,1,green
2021-11-02,-0.8808904031152802,0.0013969972148341423,0,green
2021-11-03,-0.9482621699824489,1.6906559236845773e-05,0,green
2021-11-04,-0.940488541380078,0.002550546138987537,0,green
2021-11-05,-1.008542923241246,0.005290213018737818,0,green
2021-11-08,-1.0259677322531315,0.007250814619920975,0,green
2021-11-09,-1.1263524310200006,3.195619217374752e-05,0,green
2021-11-10,-1.1184725570136185,0.00030824364443650073,0,green
2021-11-11,1.6584780468648161,0.994040675161639,1,red
2021-11-12,-1.0447216281919964,3.651381854202922e-05,0,green
2021-11-15,-1.0995280724372594,0.00055806612534052,0,green
2021-11-16,-1.008144197483317,0.04104482345425815,0,green
2021-11-17,-0.8621346743312618,0.0,0,green
2021-11-18,0.2286093092439861,0.4722992828660171,0,green
2021-11-19,-0.06851674285357537,0.37161385381089723,0,green
2021-11-22,1.4422058333281174,0.908932942332142,1,green
2021-11-23,-0.7266574969460724,0.06142993031165182,0,green
2021-11-24,-0.9095166124049403,0.00014194902035714077,0,green
2021-11-25,-0.9606383618973641,0.000268859539131602,0,green
2021-11-26,1.2775910270899589,0.9237990707052066,1,yellow
2021-11-29,-0.9919812067693498,0.00014962154714552822,0,green
2021-11-30,-1.0118348791027671,0.003352166269955586,0,green
2021-12-01,-1.013705887672795,0.0023003530761249633,0,green
2021-12-02,-0.9894773415326823,0.015680886909832315,0,green
2021-12-03,-0.570100089280518,0.23319354521648392,0,green
2021-12-06,-0.9138310297655111,0.04874801453908755,0,green
2021-12-07,1.3749918768142733,0.9895730884249694,1,red
2021-12-08,1.5504647203027462,0.9984621968444448,1,red
2021-12-09,0.5438072393662416,0.6991566514776679,1,green
2021-12-10,-1.0374635469629705,6.901063113690328e-05,0,green
2021-12-13,-1.0334992152600297,0.0015316912186419825,0,green
2021-12-14,-0.9405050915398313,0.05895186466807079,0,green
2021-12-15,-0.362168526906833,0.33161859665377774,0,green
2021-12-16,1.1841229841877274,0.9570934421096378,1,yellow
2021-12-17,1.35286884961107,0.997251246956091,1,red
2021-12-20,1.382824466460345,0.9996418034866077,1,red
2021-12-21,-0.8660897360479088,0.0007067805354588575,0,green
2021-12-22,-0.8719492691959703,0.00039052235038647783,0,green
2021-12-23,-0.8461923855266912,0.006056729401247119,0,green
2021-12-24,-0.8618114879726101,0.007821112267688288,0,green
2021-12-27,-0.8973278954912666,6.866382657877888e-05,0,green
2021-12-28,-0.8652203757722879,0.007710690764889064,0,green
2021-12-29,-0.7968123303920591,0.01185100470979689,0,green
2021-12-30,-0.7154991637084139,0.03794619647739247,0,green
2021-12-31,-0.7748969481397684,0.012603029309005729,0,green
2022-01-04,1.3792345933456351,0.8536085771270093,1,green
2022-01-05,1.8950763455259305,0.9989820497720524,1,red
2022-01-06,0.4399585317799769,0.5166029306790472,0,green
2022-01-07,-0.4185220454808471,0.1561296863202539,0,green
2022-01-10,-0.7424365006692162,3.3090320733210766e-05,0,green
2022-01-11,-0.7199302372340628,0.008250469585021174,0,green
2022-01-12,1.2562545691201585,0.7327233098352853,1,green
2022-01-13,-0.2441911950427895,0.17266445650690537,0,green
2022-01-14,1.7764311270941735,0.9136708493230368,1,green
2022-01-17,-0.6287242295212654,0.0037463949296917924,0,green
2022-01-18,-0.7069463383364173,0.0004368710564758989,0,green
2022-01-19,1.6819777140245213,0.9410705288941271,1,yellow
2022-01-20,1.7337409526624645,0.9507625127559184,1,yellow
2022-01-21,1.3867308235950584,0.8416010408991582,1,green
2022-01-24,-0.6675785600927192,9.07428481667479e-05,0,green
2022-01-25,2.103629222022381,0.9998636413209726,1,red
2022-01-26,-0.5242170311865857,8.753589478666022e-05,0,green
2022-01-27,2.1442620902674374,0.9999973884020373,1,red
2022-01-28,-0.3923779485305532,0.014865735504349992,0,green
2022-02-07,2.298179262277026,0.9985039629264935,1,red
2022-02-08,0.6037781138602855,0.39673884314693336,0,green
2022-02-09,-0.18733412655132042,0.023581058329910937,0,green
2022-02-10,-0.2797762114955454,0.0003919729612692669,0,green
2022-02-11,0.9473539987645816,0.5127958871869726,0,green
2022-02-14,0.5046520725364984,0.3174524410994962,0,green
2022-02-15,2.0445740017197194,0.8482155514505122,1,green
2022-02-16,-0.20527680541627713,0.0015637346021792336,0,green
2022-02-17,-0.2576188855012267,0.0,0,green
2022-02-18,-0.28606425347062064,0.0,0,green
2022-02-21,-0.3344406080728701,0.0,0,green
2022-02-22,2.2114761714761535,0.9844158812583853,1,red
2022-02-23,1.386476801881994,0.6811072553448136,1,green
2022-02-24,2.3820749239555714,0.9947684606463968,1,red
2022-02-25,0.02689069280464292,0.05578128039673434,0,green
2022-02-28,-0.09444691198804495,9.009778981653523e-05,0,green
2022-03-01,-0.17060868948031147,0.0004919125150991544,0,green
2022-03-02,-0.1763714486651877,0.00127642310864642,0,green
2022-03-03,-0.2757328413088308,0.0023892606274664944,0,green
2022-03-04,-0.28849150897107495,0.0022794891245730866,0,green
2022-03-07,2.380604097503084,0.9999052272444787,1,red
2022-03-08,2.3585704647146826,0.9709724545826333,1,yellow
2022-03-09,-0.09367302945093003,0.01049042148834445,0,green
2022-03-10,0.9923670225913324,0.42040756357207965,0,green
2022-03-11,0.021347003677163384,0.0005469277464051014,0,green
2022-03-14,2.004977407504923,0.7639109563759934,1,green
2022-03-15,3.0113805943516843,0.9967074772363879,1,red
2022-03-16,3.250256725002306,0.9851834909865891,1,red
2022-03-17,0.7313854936103205,0.010155189766157244,0,green
2022-03-18,0.7014613391678701,0.0005151659151732911,0,green
2022-03-21,0.6810348429977628,0.00014030253039779432,0,green
2022-03-22,0.6560390884619376,0.000518189229595817,0,green
2022-03-23,0.6094529991956894,0.0010506438649467644,0,green
2022-03-24,0.5144372989268231,0.0006259130633155058,0,green
2022-03-25,0.466661088371353,0.0009875936730417922,0,green
2022-03-28,0.444631523281694,0.0008374141335686616,0,green
2022-03-29,0.3874032645412893,0.00036697517338074294,0,green
2022-03-30,0.64961483829897,0.08770431511420833,0,green
2022-03-31,0.4101986113879529,0.00017959282857835286,0,green
2022-04-01,0.3824674261567088,0.0010074308480939977,0,green
2022-04-06,0.24883768690112268,0.0025442597423548474,0,green
2022-04-07,0.16474147364570577,0.00011542483919575169,0,green
2022-04-08,0.11513360998394162,0.00018828224073737335,0,green
2022-04-11,2.107196518510018,0.7709545597991678,1,green
2022-04-12,0.22900236659533268,0.02632885288150747,0,green
2022-04-13,0.08245860511024798,0.002000995199928919,0,green
2022-04-14,-0.17489074661489487,0.003739318204230072,0,green
2022-04-15,-0.41923882557001046,0.00035270147592489565,0,green
2022-04-18,-0.4872952671716936,0.009464269429852736,0,green
2022-04-19,-0.526069369487808,0.0003468417841887229,0,green
2022-04-20,-0.374798225101442,0.07560123624270501,0,green
2022-04-21,-0.44778153784052943,0.03821627289229929,0,green
2022-04-22,-0.588601103873531,0.00020091259810522906,0,green
2022-04-25,2.493065999659415,0.9998810922683312,1,red
2022-04-26,-0.13020952324136986,0.025623205948882045,0,green
2022-04-27,2.488881287819351,0.9440878733027974,1,yellow
2022-04-28,-0.05112504970358096,0.0007603911439115939,0,green
2022-04-29,2.473153291611065,0.9229599782133173,1,yellow
2022-05-05,0.006267838764751063,0.00021202483082284593,0,green
2022-05-06,0.07118407246066609,0.019088071358174186,0,green
2022-05-09,0.013160179574802528,0.0001928778867667535,0,green
2022-05-10,-0.0004515101413393242,0.0006289909542639046,0,green
2022-05-11,-0.00045270436531758815,0.0020839904805618654,0,green
2022-05-12,-0.1235285747105212,0.0010172168631624623,0,green
2022-05-13,-0.13831637430747448,0.005628277171481211,0,green
2022-05-16,-0.19862725893024008,0.00023999902658211264,0,green
2022-05-17,-0.20921957542106698,0.0006944774683816036,0,green
2022-05-18,-0.26806389537805203,8.17963196631037e-05,0,green
2022-05-19,-0.1746091222680017,0.0,0,green
2022-05-20,0.056935695326598396,0.09689354578968175,0,green
2022-05-23,-0.26164879190465995,4.067693857152097e-05,0,green
2022-05-24,1.6722661490412374,0.6977652095791796,1,green
2022-05-25,-0.2522721074463217,0.000131709608231916,0,green
2022-05-26,-0.5798414384644817,0.0007488761201255717,0,green
2022-05-27,-0.5444890464224597,0.05637987958755056,0,green
2022-05-30,-0.8045222208500274,0.0060104175069322415,0,green
2022-05-31,-0.507284974899701,0.15691812539531166,0,green
2022-06-01,-1.0668322301524016,1.569992731689554e-05,0,green
2022-06-02,-0.9835903662343967,0.05574261329589002,0,green
2022-06-06,1.2785141223879348,0.9995208622000382,1,red
2022-06-07,-1.2118062861087524,0.00018721926151430871,0,green
2022-06-08,-1.1237724850954465,0.02789852460463385,0,green
2022-06-09,-1.1593388604987243,0.0012491756033085743,0,green
2022-06-10,0.5046925299640336,0.7327751571985217,1,green
2022-06-13,1.330660660429941,0.9997620822023721,1,red
2022-06-14,0.40896934908948646,0.6629828940115444,1,green
2022-06-15,-1.0064815076783953,0.05838758279945684,0,green
2022-06-16,-1.0051670217133464,0.055793626066461294,0,green
2022-06-17,-1.0207858622322983,0.039918173899139854,0,green
2022-06-20,-1.0422910063079673,0.03337491510670857,0,green
2022-06-21,-1.0999243364217608,0.00027118468970093666,0,green
2022-06-22,-1.0872562967037487,0.04198989815182308,0,green
2022-06-23,1.4461045195002036,0.9796178519132722,1,yellow
2022-06-24,-0.24203551940584772,0.376001159781714,0,green
2022-06-27,-1.0404474817273788,0.010130400370441436,0,green
2022-06-28,-1.0349813413165088,0.00555303850603229,0,green
2022-06-29,0.8426947820123726,0.7483303066890322,1,green
2022-06-30,-0.8817263906773466,0.03129013864433289,0,green
2022-07-01,-0.9489138532333855,3.665744246544013e-05,0,green
2022-07-04,-0.36518186337353836,0.2839935162595566,0,green
2022-07-05,-0.9526735251188424,0.00019465830861242875,0,green
2022-07-06,1.3133503298460107,0.913041171792661,1,green
2022-07-07,-0.9537245933653672,0.0004653806252426663,0,green
2022-07-08,-0.9850610585979676,8.673922558622566e-06,0,green
2022-07-11,-0.530074518798227,0.22991051571177598,0,green
2022-07-12,0.4411869203479235,0.6434195658027134,1,green
2022-07-13,-1.027584982928854,8.123081230969262e-05,0,green
2022-07-14,-1.0428505902304548,0.0006060111415561404,0,green
2022-07-15,-0.7441081547280164,0.14956904487593448,0,green
2022-07-18,0.8118446385865199,0.7893051358639387,1,green
2022-07-19,-0.9986110760610174,2.1849120378732614e-05,0,green
2022-07-20,-0.35386173550437133,0.33419420079106865,0,green
2022-07-21,-1.0793643283824135,5.6612861226600756e-05,0,green
2022-07-22,-1.1283043104915602,0.0003508038395381913,0,green
2022-07-25,-1.163514716760685,1.4555126207042227e-05,0,green
2022-07-26,-1.1841418025251105,0.005401061824447329,0,green
2022-07-27,-1.2522663090309496,1.1645013739467105e-05,0,green
2022-07-28,-1.3401019587729206,0.00824243637335688,0,green
2022-07-29,1.414343543978131,0.9999997285816791,1,red
2022-08-01,-1.1744565372770917,0.05434559721845113,0,green
2022-08-02,1.381565894569982,0.9925620263858964,1,red
2022-08-03,0.113248173757843,0.5768096600728482,0,green
2022-08-04,-1.1521348605186053,0.005641382128092545,0,green
2022-08-05,1.6487044838454499,0.9999729866585022,1,red
2022-08-08,-1.0316054702418764,0.00010104222600537721,0,green
2022-08-09,-1.0659188285896355,0.0001638779490993993,0,green
2022-08-10,-1.0230973085468764,0.003258482755517419,0,green
2022-08-11,1.66028250991615,0.999998187704049,1,red
2022-08-12,-1.0795651756428737,0.0,0,green
2022-08-15,-0.16308165726961005,0.4722936613259784,0,green
2022-08-16,-1.1205511365152574,6.062597331543346e-05,0,green
2022-08-17,-1.1552206389602528,0.0002422165288447634,0,green
2022-08-18,-1.1315279129698972,0.0007487979731276555,0,green
2022-08-19,-0.4646862604936709,0.33075490081878134,0,green
2022-08-22,1.0104973005666285,0.9302902257317384,1,yellow
2022-08-23,-0.9080188071379052,0.11344643421212727,0,green
2022-08-24,1.3049635792895917,0.9999190500929082,1,red
2022-08-25,1.1255469276773362,0.9263999751970864,1,yellow
2022-08-26,-1.063816266950246,0.0004518511256566835,0,green
2022-08-29,0.9763770226522185,0.8849586793961465,1,green
2022-08-30,-1.1071365602671104,0.0025118812363957572,0,green
2022-08-31,0.09302636303864947,0.5962152521226916,0,green
2022-09-01,-1.0876350069640552,0.01680215677869665,0,green
2022-09-02,-1.2057325666854528,0.00030973383856615334,0,green
2022-09-05,-0.5801609005623246,0.32658071634664915,0,green
2022-09-06,-1.1303085302884248,0.024760938959069764,0,green
2022-09-07,-1.1629211528200327,0.0003295855338386221,0,green
2022-09-08,-1.2880459520911955,0.00047635626964113016,0,green
2022-09-09,0.8722589643021879,0.9810218260817608,1,red
2022-09-13,0.9155299796345658,0.9836781062591613,1,red
2022-09-14,-0.24312020072341262,0.46903130383289376,0,green
2022-09-15,1.0576013514409832,0.9969948505390773,1,red
2022-09-16,1.3250078098197962,0.9998028426182378,1,red
2022-09-19,-1.0141383989382908,0.0003773660836817462,0,green
2022-09-20,-1.0188996741873784,0.0006778646979403414,0,green
2022-09-21,-1.0125325410902684,0.0014291871745507286,0,green
2022-09-22,-1.0466155479608388,0.0009351266518524798,0,green
2022-09-23,-1.0885665498043144,0.0017185740422627491,0,green
2022-09-26,-0.8390125197766269,0.11559610527468088,0,green
2022-09-27,1.2522970103035922,0.9776689272023085,1,yellow
2022-09-28,1.3143706369295083,0.979916210143038,1,yellow
2022-09-29,-0.8484079421144609,0.012634386109205954,0,green
2022-09-30,-0.8168391874401986,0.022971816637900825,0,green
2022-10-10,1.6549360307127479,0.9999982219385743,1,red
2022-10-11,-0.7246821040470282,0.0001675581860753841,0,green
2022-10-12,0.8724445436590669,0.6902726539185647,1,green
2022-10-13,-0.5899213731799534,0.027904388330207135,0,green
2022-10-14,2.052020124615644,0.9987008930434288,1,red
2022-10-17,-0.4524383292462028,0.0006950533096680848,0,green
2022-10-18,-0.43960837006887316,0.005656516453557807,0,green
2022-10-19,-0.4675981505995732,0.006331197621302148,0,green
2022-10-20,-0.41143449266169174,0.03704308771598196,0,green
2022-10-21,-0.5862721215098213,2.911932718731975e-05,0,green
2022-10-24,2.002268159070494,0.9999983943049867,1,red
2022-10-25,-0.42888336833545815,0.0016372384415141864,0,green
2022-10-26,-0.1476864641735249,0.1324541698858521,0,green
2022-10-27,-0.42827937250652204,0.001188783226534733,0,green
2022-10-28,2.0578391663762248,0.9989699652171266,1,red
2022-10-31,1.6232053102318864,0.8438344384789299,1,green
2022-11-01,2.2597459943673788,0.9999134887852622,1,red
2022-11-02,-0.20727849591075329,0.00028565112208003726,0,green
2022-11-03,-0.2138991381317899,0.0003904810537920377,0,green
2022-11-04,2.3129451404407018,0.9997046144788727,1,red
2022-11-07,-0.20628915455652563,0.0010216203197643738,0,green
2022-11-08,-0.23373649900316562,0.0001094278080247067,0,green
2022-11-09,-0.2507137855431235,0.0029403874059405113,0,green
2022-11-10,-0.268304988377171,0.0006768102612289737,0,green
2022-11-11,2.224562766741024,0.9991378226763143,1,red
2022-11-14,-0.06934592306724235,0.0,0,green
2022-11-15,1.053822429353394,0.47229935773737686,0,green
2022-11-16,-0.04272865365702134,0.000166197088990684,0,green
2022-11-17,-0.08017936594058116,0.0033787808954604346,0,green
2022-11-18,-0.11398555446978088,0.00011414585689768082,0,green
2022-11-21,-0.23689633845545569,0.00023876147954991786,0,green
2022-11-22,-0.23249573864582773,0.0017698048230882374,0,green
2022-11-23,-0.3071204421600285,0.0006036884737300152,0,green
2022-11-24,-0.3120625341187465,0.0014687429851574201,0,green
2022-11-25,-0.1782985996040275,0.12154211224800691,0,green
2022-11-28,-0.4726826889808549,0.0001694253048043136,0,green
2022-11-29,1.883836315614768,0.9999609518663763,1,red
2022-11-30,-0.49541629311706126,0.000743517286814523,0,green
2022-12-01,-0.42850701877395875,0.0330499515390613,0,green
2022-12-02,-0.636297077990003,0.00038282480786494305,0,green
2022-12-05,1.450841290435441,0.9398054322000261,1,yellow
2022-12-06,-0.622951519072437,0.006728327534297983,0,green
2022-12-07,-0.681581256592078,0.0005687274566157395,0,green
2022-12-08,-0.7385633647197968,0.001197980512368334,0,green
2022-12-09,-0.8908263043291895,0.011031892214500873,0,green
2022-12-12,-0.8563762316619947,0.010039287682752727,0,green
2022-12-13,-0.9618911945890621,0.001748614580998986,0,green
2022-12-14,-0.921788355793816,0.026410272579158182,0,green
2022-12-15,-0.9152883605631068,0.014003454750803534,0,green
2022-12-16,-0.7843203799066143,0.07299302549577957,0,green
2022-12-19,0.8578008607092185,0.8804428041881501,1,green
2022-12-20,-0.8402882784158273,0.021634818646120522,0,green
2022-12-21,-0.8880113304575922,0.006813137354868108,0,green
2022-12-22,-0.39318501581828363,0.29454767536303744,0,green
2022-12-23,-0.936685894343447,0.0002295993882698595,0,green
2022-12-26,0.4086659489855217,0.7038990469994659,1,green
2022-12-27,-1.0530441155892742,0.0024877673936774566,0,green
2022-12-28,-1.0334555770791334,0.00014492278761453373,0,green
2022-12-29,-1.0849282708006494,0.0012535166163401476,0,green
2022-12-30,-1.0950337070516079,9.446591359450828e-05,0,green
2023-01-03,-0.5136773585411096,0.376923513983267,0,green
2023-01-04,0.39009665179586694,0.8263291683897813,1,green
2023-01-05,0.9396507149535213,0.9999355421979612,1,red
2023-01-06,-1.0577559279565443,0.00045760269932228464,0,green
2023-01-09,-1.0158435777553767,0.017379989282079712,0,green
2023-01-10,-1.0878072133337802,0.00015323387958864794,0,green
2023-01-11,-1.0737259287289456,0.0020962075564195937,0,green
2023-01-12,-1.0836677984805987,0.0002799151044284695,0,green
2023-01-13,0.5064786698293797,0.8695851397424088,1,green
2023-01-16,0.8368354155784522,0.9979578378569708,1,red
2023-01-17,-1.1294954264233417,0.0006434308953673008,0,green
2023-01-18,-1.1847958694636813,0.001252534595258659,0,green
2023-01-19,-0.7018102987961141,0.3070767191287945,0,green
2023-01-20,-1.0963223047065818,0.05955372649706689,0,green
2023-01-30,0.37664626558593706,0.8546875566506872,1,green
2023-01-31,-0.43398619828622076,0.406542915131947,0,green
2023-02-01,-0.9989171666884651,0.07260598827847176,0,green
2023-02-02,-1.0866444010558902,0.009941899616010942,0,green
2023-02-03,-1.0655864428533801,0.002339560095191655,0,green
2023-02-06,-0.8066543879169645,0.10580297016703463,0,green
2023-02-07,-1.014099075528175,0.0005678904124911068,0,green
2023-02-08,-1.0405917211862417,0.0003486623034177195,0,green
2023-02-09,1.110217117237921,0.9833400223939023,1,red
2023-02-10,-1.0012496082178204,0.0004148096154168087,0,green
2023-02-13,-1.0512795331835794,0.000969626880567945,0,green
2023-02-14,-1.0348923861183583,0.0,0,green
2023-02-15,-0.0588964525342037,0.47229902277953717,0,green
2023-02-16,1.0007279064723649,0.8559958945931699,1,green
2023-02-17,1.2499811470022075,0.9170430662989412,1,green
2023-02-20,0.8190459678890681,0.7395399129310415,1,green
2023-02-21,-0.8853056577731321,0.0020367859425168477,0,green
2023-02-22,-0.8741386947858413,0.00010287072023160771,0,green
2023-02-23,-0.9116427606079133,0.00015074523906696415,0,green
2023-02-24,-0.9008785576220038,0.005360443526159601,0,green
2023-02-27,-0.9436460461979014,0.00021913353765191075,0,green
2023-02-28,-0.9786956532750813,0.00020727064060272878,0,green
2023-03-01,-0.07043935415663889,0.43722158312920434,0,green
2023-03-02,-1.0353894402870758,0.0003127433361348301,0,green
2023-03-03,-0.9354176735137614,0.04356297133337455,0,green
2023-03-06,1.2151604626756698,0.9669684177876079,1,yellow
2023-03-07,1.5930117437008564,0.9984443890457084,1,red
2023-03-08,-0.9770424875375904,0.011242662095918891,0,green
2023-03-09,-1.0955630612778016,0.0006038798981999054,0,green
2023-03-10,1.451253831089202,0.9851789044186829,1,red
2023-03-13,-0.7104327081902807,0.14241835473893313,0,green
2023-03-14,1.4525675097422843,0.9653882564862204,1,yellow
2023-03-15,-0.9354002289078401,0.0011965150923943801,0,green
2023-03-16,0.5384322927569226,0.6582889271682109,1,green
2023-03-17,1.1149063717306977,0.8695922023916984,1,green
2023-03-20,0.11394507813943404,0.5282531224948318,0,green
2023-03-21,0.9719485565702093,0.7764182043586707,1,green
2023-03-22,-0.7320014022357132,0.06619437501252066,0,green
2023-03-23,-0.4901407975442232,0.14923994526071158,0,green
2023-03-24,-0.8076907430053946,0.00035283335707408285,0,green
2023-03-27,-0.8171747978946721,9.930398662439847e-05,0,green
2023-03-28,-0.7428162816146406,0.007642628367066695,0,green
2023-03-29,-0.7805992874003561,0.00618436351803888,0,green
2023-03-30,-0.7718077852964836,0.0007381501546048451,0,green
2023-03-31,-0.77796424539898,0.0012356445147712364,0,green
2023-04-03,1.893487193378625,0.9985291705187,1,red
2023-04-04,-0.7445041259595103,0.0002301350531097422,0,green
2023-04-06,1.6889131087990472,0.9496365204881557,1,yellow
2023-04-07,-0.5501678519937598,0.03480174964695731,0,green
2023-04-10,-0.04055811443757038,0.2826971766199064,0,green
2023-04-11,-0.6716485384579666,0.0024519605900022133,0,green
2023-04-12,-0.43204492047167764,0.14297251931182514,0,green
2023-04-13,-0.33469638367380483,0.15800596933926678,0,green
2023-04-14,-0.1035115288051284,0.2801279871856863,0,green
2023-04-17,1.592940798210121,0.8818707989051283,1,green
2023-04-18,-0.7273611095808779,0.0004592099667513026,0,green
2023-04-19,-0.7755627009355959,0.0004187357636801551,0,green
2023-04-20,0.8264127148295373,0.6478949162331277,1,green
2023-04-21,2.1022659059366715,0.9999557725864259,1,red
2023-04-24,-0.38983182292464286,0.0853675595548961,0,green
2023-04-25,1.8660340522111885,0.8893675639279266,1,green
2023-04-26,-0.48800689722891727,0.0012465204058519403,0,green
2023-04-27,-0.5011866508020826,0.003410218430819147,0,green
2023-04-28,0.24571165494373082,0.3097040067232662,0,green
2023-05-04,2.0720580755172944,0.9387587098887249,1,yellow
2023-05-05,-0.49635659896401674,0.005298591815817818,0,green
2023-05-08,-0.22029833305109944,0.1030927691137475,0,green
2023-05-09,-0.511684896445233,0.0012578709177892325,0,green
2023-05-10,-0.4960312697024271,0.014655249103501983,0,green
2023-05-11,-0.5800724230744418,5.1335507641802586e-05,0,green
2023-05-12,0.42336048745895155,0.4076079182245509,0,green
2023-05-15,-0.6604860415102765,0.0,0,green
2023-05-16,-0.6956195005837434,0.0003746727691879351,0,green
2023-05-17,-0.6739834580144309,0.013187037959400507,0,green
2023-05-18,-0.2513990979028243,0.19592289263883667,0,green
2023-05-19,-0.3760379566624018,0.09760558258781914,0,green
2023-05-22,-0.43923732727195913,0.03651161752517552,0,green
2023-05-23,-0.5244340964339081,0.006232188141444794,0,green
2023-05-24,-0.6120883985198993,0.0032272521617244315,0,green
2023-05-25,-0.6571940191136079,0.000724996066487452,0,green
2023-05-26,-0.7373590840483852,0.00015402839914322082,0,green
2023-05-29,-0.7470392051144819,0.007328847152144007,0,green
2023-05-30,-0.7712326600758616,4.0480343529893204e-05,0,green
2023-05-31,1.7307397874100698,0.9735709437717455,1,yellow
2023-06-01,-0.9011503291424144,0.0001289381829568833,0,green
2023-06-02,1.8214859675149586,0.995708126676467,1,red
2023-06-05,-0.7751556111696797,0.01887702574912675,0,green
2023-06-06,-0.0693534106969442,0.3219960932488775,0,green
2023-06-07,-0.8236861716661267,0.00013982357090624442,0,green
2023-06-08,-0.7612232262521638,0.0007426142293396315,0,green
2023-06-09,-0.7309668242530715,0.01974549639816102,0,green
2023-06-12,-0.832815830004377,0.0015209963561789966,0,green
2023-06-13,-0.742075155268423,0.03554440846285817,0,green
2023-06-14,-0.8181527421583986,0.00016457250853564654,0,green
2023-06-15,2.0625041863741886,0.9981458674131825,1,red
2023-06-16,-0.7034862895387887,0.0022230049717098716,0,green
2023-06-19,-0.6675147328137692,0.023198060137527704,0,green
2023-06-20,-0.7940129688484071,7.883722294438259e-05,0,green
2023-06-21,2.0571030971771034,0.9999754113888971,1,red
2023-06-26,-0.1919369947675258,0.15248214773656338,0,green
2023-06-27,-0.5097400681075499,0.0004666770699784677,0,green
2023-06-28,-0.5385751015303707,0.0002530847917790609,0,green
2023-06-29,-0.55938502825889,0.00010913702744905266,0,green
2023-06-30,-0.6145517200393751,0.00035928627828322486,0,green
2023-07-03,1.268709790291055,0.7050644888938563,1,green
2023-07-04,-0.6168886700812996,3.5667005244473525e-05,0,green
2023-07-05,-0.6409217119525804,0.00024780611221717164,0,green
2023-07-06,-0.6801437626538324,0.0002494801253212566,0,green
2023-07-07,-0.7104663945992282,5.9698099384740567e-05,0,green
2023-07-10,-0.7525225501007624,2.3658440987640233e-05,0,green
2023-07-11,-0.7819611738040173,0.0011236498619625298,0,green
2023-07-12,-0.7523430002595743,0.008864857932346119,0,green
2023-07-13,2.0458962781569188,0.9998927524434977,1,red
2023-07-14,-0.676681101253999,0.0002440060292839498,0,green
2023-07-17,-0.7404376149587021,0.00026221268293750966,0,green
2023-07-18,-0.7953512408358911,7.617283653538696e-05,0,green
2023-07-19,-0.7961029547509191,0.012176714875286848,0,green
2023-07-20,-0.7437955307377176,0.014973151820767711,0,green
2023-07-21,-0.889900335858002,0.002122696608508945,0,green
2023-07-24,-0.9806634556984867,0.00021705243217318317,0,green
2023-07-25,2.284590580664823,0.9999871197837124,1,red
2023-07-26,-0.642505321351311,0.00010527624097739533,0,green
2023-07-27,-0.6702819238433846,0.00016158272314234154,0,green
2023-07-28,2.36527354002098,0.9991809944656035,1,red
2023-07-31,-0.4789243652778067,0.004210552281678279,0,green
2023-08-01,-0.5076503788130836,0.0003161381535888816,0,green
2023-08-02,-0.3608889621890139,0.05198395666508851,0,green
2023-08-03,0.1485997721304649,0.2542334687506149,0,green
2023-08-04,-0.4910460286558094,0.0001430604876416934,0,green
2023-08-07,-0.4319067021512676,0.005997507660150524,0,green
2023-08-08,-0.46832048756742517,7.249207773281756e-05,0,green
2023-08-09,-0.369036266196679,0.0,0,green
2023-08-10,-0.5130383197945316,0.0003746734921003879,0,green
2023-08-11,2.094303986957456,0.8900521896414211,1,green
2023-08-14,-0.4069641798078678,0.001354022960445681,0,green
2023-08-15,-0.33066715301515737,0.030119924971912078,0,green
2023-08-16,-0.40147452936623945,0.0030544834998972813,0,green
2023-08-17,-0.4344261753135976,0.00037188788750753415,0,green
2023-08-18,2.120772382020624,0.9105431180808295,1,green
2023-08-21,-0.25681552308205197,0.0267323613228032,0,green
2023-08-22,-0.35469754598011677,0.061089561712292934,0,green
2023-08-23,2.088586338640132,0.9523050111583408,1,yellow
2023-08-24,-0.04950292022803996,0.1308246104887295,0,green
2023-08-25,1.6150692571004794,0.78415324623956,1,green
2023-08-28,-0.35348723299688123,0.0016763031858563605,0,green
2023-08-29,2.5614804639700357,0.9791582609069297,1,yellow
2023-08-30,-0.17459825698543735,0.0042161799846903575,0,green
2023-08-31,-0.23618058530477615,0.0001891552116102249,0,green
2023-09-01,-0.23278349978713875,0.0006285835558625867,0,green
2023-09-04,-0.05567037855922187,0.057579000121111404,0,green
2023-09-05,-0.20496802718245039,1.0398166491440132e-05,0,green
2023-09-06,-0.2281957938911901,0.0001968565351610678,0,green
2023-09-07,-0.1795507345741458,0.002864003111501383,0,green
2023-09-08,-0.26941528822960065,0.0005782878247193191,0,green
2023-09-11,-0.23651087866048193,0.0006596845245477174,0,green
2023-09-12,-0.2876543861697094,1.7516435549289092e-05,0,green
2023-09-13,-0.3150816526461013,3.786786031818398e-05,0,green
2023-09-14,-0.3210243094097072,0.006019699527893229,0,green
2023-09-15,-0.3752999115685769,0.003285727300213402,0,green
2023-09-18,-0.43098647082742175,0.00011031230460678451,0,green
2023-09-19,-0.5012065849018181,0.00023362644614710926,0,green
2023-09-20,-0.6027323617911592,5.0689571359553496e-05,0,green
2023-09-21,-0.6486526778490636,0.00040211013269846784,0,green
2023-09-22,2.1704033259282993,0.9994018268815321,1,red
2023-09-25,-0.6144489146861424,0.002292408639458726,0,green
2023-09-26,-0.73669950839645,0.0005094902511473485,0,green
2023-09-27,-0.7743536085417093,0.005196396146025239,0,green
2023-09-28,-0.8037622646828166,0.0012633793759568592,0,green
2023-10-09,0.05141839286337766,0.3861990346297809,0,green
2023-10-10,0.9147809658671914,0.7470585905896524,1,green
2023-10-11,-0.8464413837565835,0.005744112899514241,0,green
2023-10-12,-0.7384079730035915,0.04333936636127298,0,green
2023-10-13,-0.8219286060376658,0.009942591090354494,0,green
2023-10-16,-0.06954851675072594,0.321531926343496,0,green
2023-10-17,-0.8469195563060866,1.6283746950275663e-05,0,green
2023-10-18,-0.8185513282670832,0.0018629541544583229,0,green
2023-10-19,1.8811696109416487,0.9886776128229067,1,red
2023-10-20,-0.7450202352067057,0.0027882462578960646,0,green
2023-10-23,0.33052463068146426,0.4514582198804,0,green
2023-10-24,-0.6933830623448685,0.0016893433086818041,0,green
2023-10-25,-0.6663544818665799,0.0003639379728631966,0,green
2023-10-26,-0.5004567201064807,0.054504118904127236,0,green
2023-10-27,2.154825918090476,0.9472940602858294,1,yellow
2023-10-30,2.072794548113902,0.9376514196626343,1,yellow
2023-10-31,-0.6145503672830461,0.00012928151444812743,0,green
2023-11-01,-0.6255302171153896,0.00017775101113054822,0,green
2023-11-02,-0.6055627071908749,0.004166524385240881,0,green
2023-11-03,-0.5321858023769955,0.01325533456436203,0,green
2023-11-06,2.314600783425102,0.9890258663481065,1,red
2023-11-07,-0.5066991208313865,8.972054205798864e-05,0,green
2023-11-08,-0.5448548104749273,9.846987302871813e-05,0,green
2023-11-09,-0.578384562215994,0.0,0,green
2023-11-10,-0.4052966293320833,0.09689375866941248,0,green
2023-11-13,1.640921821158634,0.8748806490760113,1,green
2023-11-14,-0.6722391457390012,8.454567935731476e-05,0,green
2023-11-15,1.5337987534288993,0.8673211753877448,1,green
2023-11-16,-0.7447185416142407,0.0003333307072539545,0,green
2023-11-17,-0.5576636855070268,0.11768429633285725,0,green
2023-11-20,-0.8506911553546315,0.012761177339553799,0,green
2023-11-21,-0.8524338826008151,0.012089103837007028,0,green
2023-11-22,-0.6844301887853192,0.07288832306594217,0,green
2023-11-23,-0.8692830946099339,0.0020691430997053823,0,green
2023-11-24,-0.9360574558740433,0.00019582529199255077,0,green
2023-11-27,1.1919353725411093,0.8794040657507659,1,green
2023-11-28,-0.9955748620759044,0.00014263262454269053,0,green
2023-11-29,-0.9181060525168957,0.0396502741299533,0,green
2023-11-30,-1.031330119244416,0.00013029183493957434,0,green
2023-12-01,-0.9593743539958645,0.05086514497466397,0,green
2023-12-04,0.8574118700401309,0.8675081183193057,1,green
2023-12-05,1.549518095343199,0.9999735814808814,1,red
2023-12-06,-0.9017074251407101,0.03241045387595601,0,green
2023-12-07,-0.9654083617971978,0.0004165141001862025,0,green
2023-12-08,-0.7818475153766357,0.06868737281086379,0,green
2023-12-11,0.4116109240195741,0.5728226030510547,0,green
2023-12-12,-0.8733509296347818,0.0026390649614160626,0,green
2023-12-13,1.5531837504502037,0.974919226380675,1,yellow
2023-12-14,-0.7578236026736312,0.054735941605765975,0,green
2023-12-15,-0.853036368415698,0.0028282627365423772,0,green
2023-12-18,-0.8593745386460014,0.005128626723301534,0,green
2023-12-19,-0.8914915461854099,0.00010880682205093881,0,green
2023-12-20,1.4492296313791975,0.9807334531071741,1,red
2023-12-21,-0.7212154375796832,0.05144673876229133,0,green
2023-12-22,1.5262605334185895,0.9477978565377932,1,yellow
2023-12-25,-0.7418765721963555,0.00017480248423215115,0,green
2023-12-26,-0.6703503622368265,0.030032517813049355,0,green
2023-12-27,-0.7290838521414676,0.00017433812977842578,0,green
2023-12-28,2.0959663588808404,0.9999853698802664,1,red
2023-12-29,-0.4963069829341016,0.0010227247404390495,0,green
2024-01-02,-0.3446123197560286,0.06118250605321881,0,green
2024-01-03,-0.5465922980936628,0.003967753953140907,0,green
2024-01-04,-0.5637772728593187,0.0020481254203018177,0,green
2024-01-05,0.10983756608764993,0.3133023290683041,0,green
2024-01-08,1.8977555383969038,0.973521363994309,1,yellow
2024-01-09,-0.4719599384569344,0.026022063688423486,0,green
2024-01-10,-0.5552572411371386,0.00048824161777765904,0,green
2024-01-11,-0.20995108424184084,0.14058294595559112,0,green
2024-01-12,-0.49083771043620783,0.0025255142459145326,0,green
2024-01-15,-0.46763661518764615,0.015647286962449887,0,green
2024-01-16,-0.3876722247272493,0.03772567077076704,0,green
2024-01-17,2.3727955076603795,0.999991837802048,1,red
2024-01-18,-0.20284195976319788,0.010490788779961367,0,green
2024-01-19,-0.24664270349136405,0.0066070448409422545,0,green
2024-01-22,2.770669287814533,0.9999999920179344,1,red
2024-01-23,0.378759425886755,0.10638692466961178,0,green
2024-01-24,2.5741123083280693,0.8694463752865541,1,green
2024-01-25,3.0012193326419485,0.9941338669148989,1,red
2024-01-26,1.558112206266072,0.5739349632599644,0,green
2024-01-29,1.7258158925507356,0.635455342433476,1,green
2024-01-30,2.718269378488729,0.9632421234246499,1,yellow
2024-01-31,1.6905455974228143,0.6024408828194123,1,green
2024-02-01,0.32918088197258066,0.0023424757756953128,0,green
2024-02-02,0.5862379199506179,0.0,0,green
2024-02-05,0.5949900656942727,0.0003747303613001043,0,green
2024-02-06,3.4799676145558376,0.880100517182384,1,yellow
2024-02-07,1.1349783886953988,0.0010487960173516909,0,green
2024-02-08,1.142587644085387,0.00018399570225032365,0,green
2024-02-19,1.1880604573421722,0.0019040707836367667,0,green
2024-02-20,1.1185947757143906,2.214888510424922e-05,0,green
2024-02-21,1.1045925122484312,0.00039072995851709635,0,green
2024-02-22,0.9882670083163366,0.0003083567070515762,0,green
2024-02-23,0.9193074711086553,7.564096024116558e-05,0,green
2024-02-26,0.886509649289534,0.0003364853137029322,0,green
2024-02-27,0.795405225734934,0.011021977713104928,0,green
2024-02-28,0.845845236240903,0.009247285947178104,0,green
2024-02-29,0.9009158839318386,0.028542021717553108,0,green
2024-03-01,0.7465538327139448,0.0005935513074124411,0,green
2024-03-04,0.6862699649211218,0.0009104033638749177,0,green
2024-03-05,0.6169502452585822,0.0013961517299870406,0,green
2024-03-06,0.4948475021908092,0.00012276795203826945,0,green
2024-03-07,0.4972446298483855,0.017780743460980335,0,green
2024-03-08,0.43814093511484686,0.0019500358508470995,0,green
2024-03-11,0.5301722264660346,0.06764471340411511,0,green
2024-03-12,0.6140487740603129,0.12931638883673457,0,green
2024-03-13,0.039530206747595095,5.0847226247513945e-05,0,green
2024-03-14,-0.060125716493056806,0.0007411023561307665,0,green
2024-03-15,-0.10378441177894066,0.00025457860851654167,0,green
2024-03-18,-0.17868702235968253,0.0008306433111328915,0,green
2024-03-19,-0.20753729663022827,8.349931703507644e-05,0,green
2024-03-20,-0.30978189392264943,6.552228577193703e-05,0,green
2024-03-21,-0.16892717822426084,0.09031151877249666,0,green
2024-03-22,-0.26830989534363464,0.008841415259791456,0,green
2024-03-25,-0.2805355067251359,0.006015576108836628,0,green
2024-03-26,-0.357342918888829,0.0009952606224356826,0,green
2024-03-27,0.28116755220228673,0.31604092526853533,0,green
2024-03-28,-0.5450915608955749,0.002297259145360585,0,green
2024-03-29,-0.6114302842509514,0.0011266023260020656,0,green
2024-04-01,-0.025550627336770944,0.24842464915398632,0,green
2024-04-02,-0.63302981303159,6.570732444675645e-05,0,green
2024-04-03,-0.34138652046511786,0.1332716166526901,0,green
2024-04-08,-0.18311657948591897,0.20290265706338514,0,green
2024-04-09,-0.7474105896225594,5.108358896067725e-05,0,green
2024-04-10,-0.806067638653425,0.007348916994298547,0,green
2024-04-11,-0.9107516625082882,4.297767918505175e-05,0,green
2024-04-12,-0.17103158512604136,0.3069163245763206,0,green
2024-04-15,0.4897744786229635,0.5208845348535743,0,green
2024-04-16,2.0076396266016556,0.9352962462987732,1,yellow
2024-04-17,1.6295953881880945,0.8112763274812117,1,green
2024-04-18,-0.8231698257039803,8.295822234969522e-05,0,green
2024-04-19,-0.8268481404709476,0.004634780149142614,0,green
2024-04-22,-0.6902720011685258,0.036563521665378226,0,green
2024-04-23,0.19802120493515527,0.3584934645304896,0,green
2024-04-24,1.7288537193242564,0.7939463901724795,1,green
2024-04-25,-0.8394045191365124,0.0003121051733133663,0,green
2024-04-26,2.653554419257092,0.9993546846395513,1,red
2024-04-29,2.3353162082910908,0.906627908164759,1,green
2024-04-30,-0.5665667410666255,0.00032354033923097576,0,green
2024-05-06,2.582269239419817,0.9631155567564874,1,yellow
2024-05-07,-0.4944045492588308,0.00013511782270221741,0,green
2024-05-08,-0.49113603850196247,7.986596574657475e-05,0,green
2024-05-09,-0.5408696834166254,0.0002402721926224255,0,green
2024-05-10,-0.5068489127137392,0.008504026747269496,0,green
2024-05-13,-0.6849485114360789,0.0,0,green
2024-05-14,-0.7141764516451604,0.0,0,green
2024-05-15,1.897555719865177,0.8436612868624233,1,green
2024-05-16,2.163892473533921,0.9549070759608023,1,yellow
2024-05-17,0.769205172882631,0.6176327960437671,1,green
2024-05-20,1.7247724179609139,0.9174724960545871,1,green
2024-05-21,-0.926216672333685,0.003221333539085553,0,green
2024-05-22,-1.0144083630329905,6.435489584306579e-05,0,green
2024-05-23,0.21180436106496142,0.4606295846480659,0,green
2024-05-24,-0.5811191146598813,0.1415352508925349,0,green
2024-05-27,-0.6645589166452402,0.1198111448867952,0,green
2024-05-28,-0.9392456297451272,0.0001142567183959926,0,green
2024-05-29,-1.0760497564674865,0.00043223038537042944,0,green
2024-05-30,0.2851295207589078,0.5910714878767621,0,green
2024-05-31,-1.164243879339404,2.2292103496227995e-05,0,green
2024-06-03,-1.1583776269722192,0.048408242993927424,0,green
2024-06-04,-1.1363097563400555,0.037550009125705,0,green
2024-06-05,-1.2087005101536858,0.00017204403231585344,0,green
2024-06-06,-0.8309886710961961,0.20182404754767827,0,green
2024-06-07,-1.2241731300835845,0.0018867674940233694,0,green
2024-06-11,1.2004167213294046,0.9999723441869391,1,red
2024-06-12,-1.1497818163426767,0.0009783081270512393,0,green
2024-06-13,-0.6972943434918583,0.24327847683513792,0,green
2024-06-14,-0.47025929050773263,0.35734670077885844,0,green
2024-06-17,-1.1311050363100459,0.0521222119114828,0,green
2024-06-18,-1.2600739484698869,8.592751535402148e-05,0,green
2024-06-19,-1.0599733281301995,0.09953245714333243,0,green
2024-06-20,0.38218898223235775,0.7895969773197067,1,green
2024-06-21,-1.2584272766494422,0.0014651344439302826,0,green
2024-06-24,0.8197263554951969,0.9999436930763681,1,red
2024-06-25,0.7729026629473776,0.9914295559272605,1,red
2024-06-26,0.919543428844654,0.9981609392250436,1,red
2024-06-27,0.3843868271010653,0.7785265946088381,1,green
2024-06-28,-0.6312545496871848,0.3130501837309704,0,green
2024-07-01,-1.1245224960473499,0.014848087239396967,0,green
2024-07-02,-1.142020655550147,0.00040291265126315994,0,green
2024-07-03,-0.11292595863683659,0.5751096028571918,0,green
2024-07-04,0.8803377531084792,0.9931934822876466,1,red
2024-07-05,0.6461851084825778,0.8897492368833664,1,green
2024-07-08,0.9663504681593419,0.9989511835576966,1,red
2024-07-09,1.0061876996118968,0.9994235073347804,1,red
2024-07-10,-1.112764258565366,0.00044154131643992054,0,green
2024-07-11,1.136847035939725,0.999331405825457,1,red
2024-07-12,1.1919920388353358,0.9872099195847337,1,red
2024-07-15,-0.7075244930415314,0.11568589475348531,0,green
2024-07-16,-0.8748001491792605,0.002309903721916391,0,green
2024-07-17,-0.610169200427803,0.13789768051407558,0,green
2024-07-18,-0.8721909332396706,8.078153742726831e-05,0,green
2024-07-19,0.09701370294337272,0.4652312494891755,0,green
2024-07-22,-0.8357323126563759,0.0052895112118871304,0,green
2024-07-23,1.6349890594265897,0.9999984579273281,1,red
2024-07-24,-0.7204290658429101,0.00030357970226072353,0,green
2024-07-25,1.5291496195191863,0.9356105113713558,1,yellow
2024-07-26,-0.6086809613729436,0.006511455961415808,0,green
2024-07-29,-0.1480629340345378,0.21837646317420584,0,green
2024-07-30,-0.5960460849587069,0.00018501389861387543,0,green
2024-07-31,2.4358440797188,0.9999986456342722,1,red
2024-08-01,-0.31908627958531327,0.0005243569877580131,0,green
2024-08-02,2.12315661325682,0.9068955436302074,1,green
2024-08-05,2.6616219424862715,0.999993771585328,1,red
2024-08-06,-0.08290391258155438,0.0,0,green
2024-08-07,-0.11235600448026234,0.00037467187547390505,0,green
2024-08-08,-0.15792322336143103,0.002455854582011372,0,green
2024-08-09,-0.15445711167898696,0.0005982932773494582,0,green
2024-08-12,-0.15854192972986167,0.007936870446917049,0,green
2024-08-13,-0.15484496507704074,0.002040673601473184,0,green
2024-08-14,-0.18255610596446914,0.00048419233606858777,0,green
2024-08-15,-0.05640413552509347,0.06309896272596242,0,green
2024-08-16,2.114422284172097,0.9115071479002882,1,green
2024-08-19,-0.24526953825006667,0.0011256916522137596,0,green
2024-08-20,-0.32761149893858726,0.005848327060270502,0,green
2024-08-21,-0.38840640954072225,3.203243935580645e-05,0,green
2024-08-22,-0.39627712792507536,0.031205923383276397,0,green
2024-08-23,-0.5145952255214157,3.926791191789904e-05,0,green
2024-08-26,-0.5597695932485454,0.0018705943832725924,0,green
2024-08-27,-0.4661557422290419,0.059591999811684455,0,green
2024-08-28,-0.8826562552495844,0.0012364835737998744,0,green
2024-08-29,-0.5877519046119644,0.15555560621245149,0,green
2024-08-30,1.4777131280400764,0.9999989109629247,1,red
2024-09-02,1.2615556613721504,0.9999899790758695,1,red
2024-09-03,-0.9767083814360394,0.004934976480204699,0,green
2024-09-04,0.19879173228639968,0.5545051553780465,0,green
2024-09-05,-0.9253431911417709,0.0007885363338284641,0,green
2024-09-06,-0.9138843503823018,0.003555522900649038,0,green
2024-09-09,-0.9049013602005023,0.014206765204962928,0,green
2024-09-10,-0.9644236348260644,0.00307495404441012,0,green
2024-09-11,-0.9850006723745109,0.0058456733927724595,0,green
2024-09-12,-0.9086392304258284,0.041548913685934497,0,green
2024-09-13,-0.9420376314015245,0.04913115657066308,0,green
2024-09-18,-0.9826383474542908,0.01305004036131567,0,green
2024-09-19,-0.22005318599447043,0.3891865344922746,0,green
2024-09-20,-0.9257758361942661,0.001742722600946518,0,green
2024-09-23,-0.9346095154613085,0.0002327080571573792,0,green
2024-09-24,2.0484815652870147,0.9999998295909729,1,red
2024-09-25,-0.3927010332937324,0.0065032119730415346,0,green
2024-09-26,2.6861484394848616,0.9999988488227896,1,red
2024-09-27,3.300098134306127,0.9999982514210874,1,red
2024-09-30,4.044631696434942,0.9999971894734364,1,red
2024-10-08,3.963710667745654,0.998786681021629,1,red
2024-10-09,3.956327425525497,0.9997737346245243,1,red
2024-10-10,1.4796929455283983,0.030719538233437243,0,green
2024-10-11,1.4040029581427813,0.005053265460392619,0,green
2024-10-14,1.3499739194045302,0.0007869533120503009,0,green
2024-10-15,1.3555775812679616,0.006376369137763352,0,green
2024-10-16,1.2935938576138017,0.003662226857142712,0,green
2024-10-17,1.2364960255478235,0.0009163314135506744,0,green
2024-10-18,1.4254322637822536,0.09539070109746862,0,green
2024-10-21,1.2002667719016913,0.006368844919389208,0,green
2024-10-22,1.1248998268463146,0.0006779655297896662,0,green
2024-10-23,1.0658913788621842,0.0006440534709612702,0,green
2024-10-24,1.035218030705934,0.0005462371027577622,0,green
2024-10-25,0.9770221845842295,0.0008578796160688043,0,green
2024-10-28,0.9381318197542641,0.000715614664492577,0,green
2024-10-29,0.8762497270262162,0.0009338806958882149,0,green
2024-10-30,0.8380817093832641,0.0018226998314472356,0,green
2024-10-31,0.7410452323689852,0.0011641583087593536,0,green
2024-11-01,0.6447929152534555,0.002934313442284151,0,green
2024-11-04,0.3673930483706561,0.0009982899647585967,0,green
2024-11-05,0.22567481374528092,0.01283307412756581,0,green
2024-11-06,-0.02648340289640039,0.017765063627792618,0,green
2024-11-07,0.24623871257577784,0.0,0,green
2024-11-08,0.141506514912297,0.0003746715617323585,0,green
2024-11-11,0.1429309287157651,0.01665575192439947,0,green
2024-11-12,0.056370166970752714,0.0022775960614575754,0,green
2024-11-13,-0.003987713655742036,0.0003739446734649528,0,green
2024-11-14,0.05408370810368085,0.022167695968850366,0,green
2024-11-15,-0.07247905454418385,0.00042861102774072245,0,green
2024-11-18,-0.0952492837648698,0.002044074043775892,0,green
2024-11-19,-0.07901711033380845,0.009518660653091201,0,green
2024-11-20,-0.12649646563304898,4.0852197221241916e-05,0,green
2024-11-21,-0.17316887996143987,4.041445046586868e-05,0,green
2024-11-22,1.6050119778019596,0.9963746791624312,1,red
2024-11-25,-0.17397761375660922,0.0004391031417785613,0,green
2024-11-26,-0.22483621660756317,0.00010967166568314806,0,green
2024-11-27,-0.22966755541289355,0.0003011409657258923,0,green
2024-11-28,-0.2700832506477212,0.0001679626326111843,0,green
2024-11-29,-0.32279921655115007,0.0002649976694669035,0,green
2024-12-02,-0.3601235375126445,0.000890706910677909,0,green
2024-12-03,-0.4095371113328551,0.01472865471254051,0,green
2024-12-04,-0.45996819376194825,0.0030784611599858178,0,green
2024-12-05,-0.6402912923803631,0.0015840087559139376,0,green
2024-12-06,-0.6527872603716962,0.0005564988335276014,0,green
2024-12-09,-0.7341236838124271,0.0014185703484520602,0,green
2024-12-10,-0.6951459856563091,0.06510524361520109,0,green
2024-12-11,-0.8206100296303831,0.0003631493648555879,0,green
2024-12-12,-0.9033252296347724,0.0006923816886657364,0,green
2024-12-13,0.6898599309570734,0.9993927604662853,1,red
2024-12-16,-0.9987714448573833,0.005691068991810037,0,green
2024-12-17,-1.0783887660482272,0.0012054441753326704,0,green
2024-12-18,-1.1244642131182925,0.0013859542529621833,0,green
2024-12-19,-0.10269722259016217,0.6710093549006665,1,green
2024-12-20,-0.7234841895224609,0.42125670511743274,0,green
2024-12-23,0.29096105245809734,0.9744006831308822,1,yellow
2024-12-24,-1.3459722291920333,0.0002004563408755932,0,green
2024-12-25,-1.4213232453978606,0.00016726040318199088,0,green
2024-12-26,-1.380597125043542,0.007396075253083341,0,green
2024-12-27,-1.3651359887047587,0.00842112477268853,0,green
2024-12-30,-1.3908543451026982,0.0001949422220602199,0,green
2024-12-31,0.08975800062171174,0.8663743982669981,1,green
2025-01-02,0.7744227836672594,0.9999991695119985,1,red
2025-01-03,-1.3613661320402615,0.007291704704051992,0,green
2025-01-06,-1.3509539055013788,0.023061298140511395,0,green
2025-01-07,-0.6702282461138491,0.3500459902375216,0,green
2025-01-08,-1.3325686153014629,0.0005273140475088303,0,green
2025-01-09,-1.3271175419526209,0.0003904188621588666,0,green
2025-01-10,-1.2973791820130856,0.012776144266022952,0,green
2025-01-13,-1.1500489361018578,0.11588109193380317,0,green
2025-01-14,1.1871375231998536,0.9999997376275784,1,red
2025-01-15,-1.1168027228250859,0.00029933527654785647,0,green
2025-01-16,-1.069984426254591,0.01005232751104216,0,green
2025-01-17,-1.1072399780389117,0.0006127009798016965,0,green
2025-01-20,-1.0645262025744664,0.008408750587380777,0,green
2025-01-21,-1.1230882247145662,0.0003060228922002508,0,green
2025-01-22,0.4417069733254998,0.6939404090117125,1,green
2025-01-23,-1.101217699708845,0.0008441957728556685,0,green
2025-01-24,-1.076587912391736,0.0010144730296123361,0,green
2025-01-27,-0.12357680318269902,0.4065448885710137,0,green
2025-02-05,1.3103390568723978,0.8629414418683249,1,green
2025-02-06,-0.35960334819131484,0.2389491558561122,0,green
2025-02-07,-0.9859350316462548,0.0010725262349917176,0,green
2025-02-10,-1.1479263779146283,0.0,0,green
2025-02-11,-1.141711756228801,0.00037467277854985555,0,green
2025-02-12,-1.0336113221477001,0.05041708070174285,0,green
2025-02-13,-1.0065045264180392,0.043827673979391045,0,green
2025-02-14,-0.9173698927926384,0.06835091353000565,0,green
2025-02-17,-0.6211844357792031,0.24091831540221345,0,green
2025-02-18,-0.7582776398176984,0.1461142012759415,0,green
2025-02-19,-1.1355638693157493,0.0007572420854550487,0,green
2025-02-20,-1.1121620929079514,0.0004947707414908471,0,green
2025-02-21,1.1516832381353181,0.9975447573061255,1,red
2025-02-24,-1.0356734176191058,0.0008239400240957242,0,green
2025-02-25,-0.9727026451763108,0.043242869550493085,0,green
2025-02-26,-0.26778285464311874,0.32943589885161295,0,green
2025-02-27,-1.0381860503480616,0.0002558197265129116,0,green
2025-02-28,1.9659076226386516,0.9999890481121347,1,red
2025-03-03,-0.650343452314636,0.02610026442380057,0,green
2025-03-04,-0.7380317327368624,0.0016407443245959183,0,green
2025-03-05,-0.8004287854499189,0.0009411985976012816,0,green
2025-03-06,-0.6521678386060012,0.056097505481169756,0,green
2025-03-07,-0.7664159211398831,0.0006678363458268303,0,green
2025-03-10,-0.774387425120105,8.414108316606989e-05,0,green
2025-03-11,-0.221407178447405,0.2502667937548232,0,green
2025-03-12,-0.7888602062974455,0.0001937401271957393,0,green
2025-03-13,-0.7716228214084249,0.0017217564331069254,0,green
2025-03-14,1.873148450500907,0.9970975554196857,1,red
2025-03-17,-0.6901902398933084,2.3070338261107524e-05,0,green
2025-03-18,-0.7435071502773126,0.00018773368054107365,0,green
2025-03-19,-0.7709769241126561,0.0002685868506096712,0,green
2025-03-20,-0.7266032072693954,0.0055011551985013965,0,green
2025-03-21,-0.7518756149412799,0.003208098413261379,0,green
2025-03-24,-0.7428041791791433,0.000776328000230517,0,green
2025-03-25,-0.7671105945474889,0.0008687396727557245,0,green
2025-03-26,-0.8500982824761106,5.021494842611434e-05,0,green
2025-03-27,-0.8485528130583967,0.0008497593633326717,0,green
2025-03-28,-1.0482322176157335,0.002420326592677777,0,green
2025-03-31,-0.3544342735548744,0.3206865521416588,0,green
2025-04-01,-0.9902001668848355,0.007457622690955204,0,green
2025-04-02,-1.0305730257961128,6.672080363039278e-05,0,green
2025-04-03,0.4475437135741471,0.691919118394238,1,green
2025-04-07,4.610166504288261,0.9999999992398547,1,red
2025-04-08,3.852374947159883,0.9339560743212106,1,yellow
2025-04-09,1.2592715213394603,0.09662441795032332,0,green
2025-04-10,3.465249111488634,0.8720747576226409,1,yellow
2025-04-11,1.0276524353581151,0.0059010552750881585,0,green
2025-04-14,0.8975126839322987,0.0003480718125502574,0,green
2025-04-15,0.8481729458189463,0.00028507920765832206,0,green
2025-04-16,0.8083227654512983,0.003969372350250441,0,green
2025-04-17,0.8083992211850914,0.00025079355961017696,0,green
2025-04-18,0.7564047123968015,0.00039674413448085384,0,green
2025-04-21,0.7328904547376376,0.006342131536876454,0,green
2025-04-22,0.6853325449115772,0.0022701617988747434,0,green
2025-04-23,0.8174490511843859,0.04857453601934381,0,green
2025-04-24,0.6716582298938764,0.0004365439024881374,0,green
2025-04-25,0.6578630878980063,0.0009029970261620253,0,green
2025-04-28,0.6159863733246423,0.00044863899197512846,0,green
2025-04-29,0.5566521974961524,0.0003338115336442665,0,green
2025-04-30,0.519654874463313,0.0007644554415588281,0,green
2025-05-06,0.5646390376722487,0.002236067275803638,0,green
2025-05-07,0.514181375135158,0.0009064827047973314,0,green
2025-05-08,-0.5061071455671116,0.002467257566448554,0,green
2025-05-09,-0.7650810005674153,0.0,0,green
2025-05-12,-0.09456659040446401,0.4722993314273486,0,green
2025-05-13,-0.9904587165452656,0.001199553549724964,0,green
2025-05-14,0.09704931550582488,0.7307026080719529,1,green
2025-05-15,-0.9626409634895364,0.005230615407099437,0,green
2025-05-16,-0.9716237908658237,0.00010889762879884071,0,green
2025-05-19,-1.0091508654078125,9.693575451294642e-05,0,green
2025-05-20,-1.0151538286488537,0.0024354249349396156,0,green
2025-05-21,-0.15058724760165124,0.6191509184410613,1,green
2025-05-22,-1.0208295584372635,9.684953241737595e-05,0,green
2025-05-23,-1.0263291521495146,0.00022412517891622245,0,green
2025-05-26,-1.0646504364608018,0.0013249944145440082,0,green
2025-05-27,-1.0642263869656983,0.0006193313174132184,0,green
2025-05-28,-1.0814462999429868,0.0004866066152482825,0,green
2025-05-29,-0.883718978585037,0.14138000834189926,0,green
2025-05-30,-1.0219491846652367,0.001255773910423283,0,green
2025-06-03,-0.9826087647478776,0.02944152456587289,0,green
2025-06-04,-1.0526177568163386,0.00024040288638946196,0,green
2025-06-05,-0.957551859874489,0.07653481373983897,0,green
2025-06-06,-0.9808972791792743,0.05574930208648838,0,green
2025-06-09,-1.0390259894839882,0.0004784111325246803,0,green
2025-06-10,-1.058976140072689,0.0008482127410389051,0,green
2025-06-11,-1.0454118787437698,0.003298630799373427,0,green
2025-06-12,-0.7508814508997623,0.3316275918499022,0,green
2025-06-13,0.14295944702025803,0.9988573881925591,1,red
2025-06-16,-0.9652784411909516,0.11704567013419186,0,green
2025-06-17,-1.0651651763504242,0.0053896611150770594,0,green
2025-06-18,-1.043196073329951,0.01782175740175604,0,green
2025-06-19,-0.7437929111839112,0.314268216122601,0,green
2025-06-20,-1.0411164219694966,0.0026910993586648307,0,green
2025-06-23,-1.0200405199209135,0.015728563885203637,0,green
2025-06-24,0.21165794247536074,0.9999999285555763,1,red
2025-06-25,0.28000428767594365,0.9996236976796903,1,red
2025-06-26,-0.9054428979900317,0.04034100427612729,0,green
2025-06-27,-0.8947592328320378,0.06123040612795111,0,green
2025-06-30,-0.9286078279948129,0.021962813936484273,0,green
2025-07-01,-0.9536849642141356,0.0006941613458825845,0,green
2025-07-02,-0.93033410243408,0.015066133924308332,0,green
2025-07-03,-0.8704398488812174,0.06132430798931009,0,green
2025-07-04,-0.9459090501336388,0.0005725304484266612,0,green
2025-07-07,-0.9744256340697459,0.00014386155456272453,0,green
2025-07-08,-0.8302068693943869,0.10173033727453537,0,green
2025-07-09,-0.99855357446033,0.0010626551784976594,0,green
2025-07-10,-0.9804913918983001,0.004018381753624,0,green
2025-07-11,-0.7543507296105281,0.19599808060987614,0,green
2025-07-14,-0.9862699456783275,0.001379259691145254,0,green
2025-07-15,0.7111531559823362,0.9988440087115862,1,red
2025-07-16,-0.9534138903974003,0.00010193160587659917,0,green
2025-07-17,0.6086949704762059,0.9537687909084497,1,yellow
2025-07-18,-0.9879092989225623,0.0019042419712642343,0,green
2025-07-21,-0.9516921178854886,0.018381470353739854,0,green
2025-07-22,0.7440271969497929,0.9644437800047096,1,yellow
2025-07-23,0.3734604935988057,0.7914585931861439,1,green
2025-07-24,1.0051802060102728,0.9999940080170086,1,red
2025-07-25,-0.842381092870714,0.08452018985350508,0,green
2025-07-28,0.5469681366407693,0.7418239021388081,1,green
2025-07-29,0.19193911494135418,0.5617719973023994,0,green
2025-07-30,-1.0073923994912046,0.0006723215099597,0,green
2025-07-31,1.8775447902157514,0.9999953652756071,1,red
2025-08-01,-0.7521352634467791,0.025772350901694094,0,green
2025-08-04,-0.8846827762956373,0.0,0,green
2025-08-05,-0.6857815894489759,0.09689337846787478,0,green
2025-08-06,-0.9086797374918817,0.0003543157729857667,0,green
2025-08-07,-0.9365463660889308,6.3238311884267e-05,0,green
2025-08-08,-0.8074205169526413,0.05661233811695235,0,green
2025-08-11,1.800279875999768,0.9923195253479477,1,red
2025-08-12,-0.7211699170854525,0.1067273083395927,0,green
2025-08-13,1.9114603464276638,0.9992233118783631,1,red
2025-08-14,-0.7745769869941957,0.0002286356143480788,0,green
2025-08-15,1.9765882373150685,0.9807044339303743,1,red
2025-08-18,1.4863021549330344,0.8349132223441155,1,green
2025-08-19,-0.6899677608579782,0.00944065464851557,0,green
2025-08-20,-0.240682338739599,0.21878954742297066,0,green
2025-08-21,-0.7830598827523129,0.00015939433959302686,0,green
2025-08-22,2.0834957455325016,0.9996502678570491,1,red
2025-08-25,2.248264541753847,0.9993665933252756,1,red
2025-08-26,-0.4025126851087224,0.0001191407412006296,0,green
2025-08-27,2.0565376648772267,0.9316613243057897,1,yellow
2025-08-28,1.967959201465758,0.9204873366349615,1,yellow
2025-08-29,-0.24439496186649626,0.032752269682727035,0,green
2025-09-01,1.203339771872191,0.6140924143194731,1,green
2025-09-02,0.012827205993522097,0.08004641808186991,0,green
2025-09-03,0.03443757387813984,0.0570858445997784,0,green
2025-09-04,2.8291195037404577,0.9997874134406315,1,red
2025-09-05,2.748888676205852,0.9393683459040044,1,yellow
2025-09-08,0.29161168046100283,0.0018667464864280873,0,green
2025-09-09,0.2900710767118379,0.00046346388283797954,0,green
2025-09-10,0.2189571166962858,0.0002491310928409846,0,green
2025-09-11,2.487454581117786,0.8812626341774912,1,green
2025-09-12,0.21785486928754327,0.0004494851459723544,0,green
2025-09-15,0.17583411091608608,6.0040318496873116e-05,0,green
2025-09-16,0.16034672867253097,0.00017970011717371518,0,green
2025-09-17,0.17220140030419448,0.0017978932849415457,0,green
2025-09-18,0.7515717876750108,0.24922323145062886,0,green
2025-09-19,0.1094759682853969,0.0003703035102654786,0,green
2025-09-22,0.048514181972406575,0.006220790490001833,0,green
2025-09-23,0.02678073928332044,0.0011132392243477169,0,green
2025-09-24,0.09258180184444739,0.04767197434314093,0,green
2025-09-25,-0.10256708666441694,0.00016490349557189227,0,green
2025-09-26,-0.1210466776996828,0.00032174427822865523,0,green
2025-09-29,0.11609012429230253,0.10981237176799548,0,green
2025-09-30,-0.14463882080213006,0.004487948809723332,0,green
2025-10-09,1.8823779335415656,0.785098245848436,1,green
2025-10-10,2.2572115954560408,0.945619194690974,1,yellow
2025-10-13,1.8995198843363568,0.8770678204432655,1,green
2025-10-14,2.2914355951745797,0.991286592224448,1,red
2025-10-15,-0.07271707156923246,0.020422884235212737,0,green
2025-10-16,-0.13996463554967958,0.00042260848369864797,0,green
2025-10-17,2.1709256876188925,0.9631154843933584,1,yellow
2025-10-20,1.9569926252947076,0.8582288904211142,1,green
2025-10-21,-0.03607966954682454,0.004281722866513155,0,green
2025-10-22,-0.015633738218062018,0.0005362820765394849,0,green
2025-10-23,-0.041776855755967214,0.00011572923017069517,0,green
2025-10-24,0.16606696674384339,0.10025331371382785,0,green
2025-10-27,-0.014066134806023466,0.004922382893379292,0,green
2025-10-28,-0.033204596060825924,0.0006666400549014578,0,green
2025-10-29,-0.0020993733367552637,0.009991628698782281,0,green
2025-10-30,-0.04796428286117856,0.0012611378159074719,0,green
2025-10-31,-0.012500848637399427,0.0010806510590493819,0,green
2025-11-03,-0.07507956217756391,0.0001002993405300734,0,green
2025-11-04,0.16487067371314304,0.0,0,green
2025-11-05,0.09015525178776645,0.00037467271604511116,0,green
2025-11-06,0.7335106073540609,0.2972466150415326,0,green
2025-11-07,-0.12638266797211106,4.954784748004605e-05,0,green
2025-11-10,-0.08526433580274573,0.03793722903976025,0,green
2025-11-11,-0.28506381881214854,0.0004434750010293538,0,green
2025-11-12,-0.39165773129856074,7.539933607966503e-05,0,green
2025-11-13,1.320996685877858,0.6536657177281232,1,green
2025-11-14,2.237770472388657,0.990106996328981,1,red
2025-11-17,-0.3604497061312655,0.08525277160594355,0,green
2025-11-18,2.067010284999291,0.9994335046015282,1,red
2025-11-19,-0.5573502421050156,0.023306646175653298,0,green
2025-11-20,-0.5395610784517665,0.039327727061798545,0,green
2025-11-21,2.1844542856543763,0.9999414554940679,1,red
2025-11-24,-0.5306821864126446,0.023468829248848057,0,green
2025-11-25,-0.5515260907390497,0.0010097950244246474,0,green
2025-11-26,-0.5226414651291108,0.04016422313715713,0,green
2025-11-27,-0.6556481520081564,5.415916907641991e-05,0,green
2025-11-28,-0.6977262934280818,0.0002626462951096872,0,green
2025-12-01,-0.6607060062057611,0.016426669640715583,0,green
2025-12-02,-0.7486882624920356,8.532604203505837e-05,0,green
2025-12-03,-0.7567807353665957,0.002684127075182989,0,green
2025-12-04,-0.8378122487153233,0.0019384300027827104,0,green
2025-12-05,-0.7773507340322503,0.014078738990683405,0,green
2025-12-08,-0.6232023131655754,0.09230036508187428,0,green
2025-12-09,-0.6592587341388745,0.07722312900080075,0,green
2025-12-10,-0.7821750987105335,0.015962020629024232,0,green
2025-12-11,-0.6303111667775018,0.09897728058148501,0,green
2025-12-12,-0.8976713747282367,0.00010619847200011497,0,green
2025-12-15,-0.8880744732305402,0.01283451827647193,0,green
2025-12-16,-0.825752347856473,0.05460702794455664,0,green
2025-12-17,1.8023843396456094,0.9995723595164386,1,red
2025-12-18,-0.8404767048375617,0.0072326477871827175,0,green
2025-12-19,-1.0448614288112132,0.001338004176748262,0,green
2025-12-22,1.2160547494088336,0.9419341650437575,1,yellow
2025-12-23,-0.9578494859393009,0.04728683641688992,0,green
2025-12-24,-1.004788014788494,0.035206439862316814,0,green
2025-12-25,-0.936048875946268,0.04232818319245686,0,green
2025-12-26,-0.7175302006478831,0.1370726516873471,0,green
2025-12-29,-1.0011294187331121,0.0006584651888035006,0,green
2025-12-30,-0.8659089223950319,0.06611176091656659,0,green
2025-12-31,-0.9835985093285514,0.004061081490411858,0,green
2026-01-05,1.741723663474318,0.9999988450121322,1,red
2026-01-06,1.7405832110142603,0.952804535769772,1,yellow
2026-01-07,-0.6496651242472691,0.0022138022715006613,0,green
2026-01-08,-0.6213689874650002,0.010930537958069524,0,green
2026-01-09,-0.49757755588122476,0.05371725095373452,0,green
2026-01-12,1.4656841393686524,0.7971136196837622,1,green
2026-01-13,-0.11087507515830543,0.14976374129212994,0,green
2026-01-14,-0.42234280722059975,0.019304692537956507,0,green
2026-01-15,-0.5141447127659,0.002865281618138425,0,green
2026-01-16,-0.363960381129628,0.0814309887291205,0,green
2026-01-19,-0.5424389345276259,0.00920282452533697,0,green
2026-01-20,-0.5327085862067881,0.0035180610149913687,0,green
2026-01-21,2.0539835140036065,0.9542858819393096,1,yellow
2026-01-22,-0.5350028089180129,0.008371831753501167,0,green
2026-01-23,-0.41003343502528605,0.05740213853189262,0,green
2026-01-26,1.3731801388670508,0.7258581732856589,1,green
2026-01-27,-0.4308403077638763,0.030082417284331354,0,green
2026-01-28,1.8956962005439761,0.8897789042537638,1,green
2026-01-29,-0.12232300794091396,0.0,0,green
2026-01-30,0.09876524077253039,0.0,0,green
2026-02-02,2.279684302370793,0.641516972791398,1,green
2026-02-03,0.5126832741603085,0.0007202447111258959,0,green
2026-02-04,0.6132297659557739,0.00027646871548509753,0,green
2026-02-05,0.6208928504445896,1.7927025871755536e-05,0,green
2026-02-06,0.5864098007046357,2.8499411152574253e-05,0,green
2026-02-09,0.6769262200671899,0.007929415045455331,0,green
2026-02-10,0.6849910908356853,0.00026583362919258403,0,green
2026-02-11,0.6451553668542915,3.932624654070917e-05,0,green
2026-02-12,0.6744849263032126,0.00013183841657481127,0,green
2026-02-13,0.6223192985074629,5.315386084851802e-05,0,green
2026-02-24,0.6416965062859769,0.002926016757052041,0,green
2026-02-25,0.692481533066067,0.0011757319151802408,0,green
2026-02-26,0.6309602717567867,0.00036663165631038133,0,green
2026-02-27,0.5665072879048612,7.602564465107055e-05,0,green
2026-03-02,0.79415473032093,0.05360446327480989,0,green
2026-03-03,3.686492101308149,0.9018992049083757,1,yellow
2026-03-04,0.7005503984846763,0.008432697499335019,0,green
2026-03-05,0.6298379975735351,0.0007094290241564983,0,green
2026-03-06,0.5438192299742192,0.01490053862182013,0,green
2026-03-09,1.0254145371351961,0.2032435408485685,0,green
2026-03-10,0.7643957907763623,0.16641151484778335,0,green
2026-03-11,0.1967246565042807,0.0004766163326860421,0,green
2026-03-12,0.0753068001777632,0.00013937824238243412,0,green
2026-03-13,0.0009677876639166161,0.00013801572930532914,0,green
2026-03-16,-0.026613612819422885,0.0005632360162472737,0,green
2026-03-17,-0.12860600789880952,0.0008799853405624382,0,green
2026-03-18,-0.1722003000401695,0.0005517549378642417,0,green
2026-03-19,2.504652466096063,0.8855486869966277,1,green
2026-03-20,-0.12541196269680646,0.001345937027326333,0,green
2026-03-23,3.4639069141317105,0.9999973519619871,1,red
2026-03-24,0.4260303454735657,0.010533612513864837,0,green
2026-03-25,0.4621251104610223,0.004958166092103612,0,green
2026-03-26,0.44847854932618164,0.0003521145241687861,0,green
2026-03-27,0.43831557199828153,0.0005726540868116581,0,green
2026-03-30,0.3152541184969622,7.81260988938437e-05,0,green
2026-03-31,0.19498394077354148,0.0026374037465673205,0,green
2026-04-01,1.1818328391460622,0.30426683874077776,0,green
2026-04-02,0.323466461354054,0.0005067767843934417,0,green
2026-04-03,0.26520101685792824,0.00027246619115320076,0,green
2026-04-07,0.15131102505003724,5.858694086679355e-05,0,green
2026-04-08,3.892103179392671,0.9999565957334456,1,red
2026-04-09,0.5175522317885727,0.00013045426855352857,0,green
2026-04-10,0.5095790960389336,0.0035513194529235297,0,green
2026-04-13,0.4315714097400463,9.574806208967179e-05,0,green
2026-04-14,0.39769516741184047,0.0001801098196075197,0,green
2026-04-15,0.3446070774218112,0.0001533115582802755,0,green
2026-04-16,0.3338120526216583,0.0006891342777926669,0,green
2026-04-17,0.22584358492778236,0.004142083202893577,0,green
2026-04-20,0.13183294087384936,0.00011839584847004907,0,green
2026-04-21,-0.3335186675720943,0.000111219712387935,0,green
2026-04-22,-0.40115252857674844,0.0033126397057893216,0,green
2026-04-23,-0.49451728426876346,0.0005955274664444675,0,green
2026-04-24,-0.5307859448091012,0.00043334124757994375,0,green
2026-04-27,-0.5739606754603828,0.004846396989891259,0,green
2026-04-28,-0.578339882865829,0.006489405673350103,0,green
2026-04-29,-0.6041273842100283,0.004737334577015059,0,green
2026-04-30,-0.792553634976285,0.0013795551575991533,0,green
2026-05-06,-0.5528833745470308,0.10115280715864185,0,green
