date,width_z,stress,trigger,cross_dispersion,anomaly_frac,max_hw,top_assets,fwd_5d_ret,fwd_10d_ret,classification
2020-11-27,0.0,0.746,stress,0.0086,0.158,0.1605,"515220:0.1605, 515030:0.1406, 515880:0.1062",0.0158,-0.0043,neutral
2020-12-01,0.0,0.992,stress,0.0116,0.342,0.1786,"515220:0.1786, 515030:0.1531, 515880:0.1151",0.0028,-0.0078,neutral
2020-12-09,1.26,0.988,stress,0.0142,0.263,0.1898,"515220:0.1898, 515030:0.1299, 512690:0.1121",-0.0002,0.0161,FP
2020-12-17,0.72,0.726,stress,0.0132,0.184,0.1877,"515220:0.1877, 515030:0.1080, 512690:0.0854",-0.0005,0.0334,FP
2020-12-21,1.4,0.926,stress,0.0145,0.211,0.2154,"515220:0.2154, 515030:0.1383, 512690:0.0913",-0.0071,0.0407,FP
2020-12-22,1.72,1.0,stress,0.0172,0.395,0.2448,"515220:0.2448, 515030:0.1513, 512690:0.0953",0.0094,0.0597,FP
2020-12-29,1.82,0.993,stress,0.0215,0.237,0.2589,"515220:0.2589, 515030:0.1698, 515880:0.1102",0.0503,0.0594,FP
2020-12-31,1.68,0.926,stress,0.013,0.289,0.2438,"515220:0.2438, 515030:0.1731, 515880:0.1050",0.0294,0.0222,FP
2021-01-04,1.95,0.999,stress,0.0237,0.316,0.2538,"515220:0.2538, 515030:0.2024, 515880:0.1113",0.0044,0.0175,FP
2021-01-05,1.77,0.957,stress,0.0191,0.263,0.2515,"515220:0.2515, 515030:0.1969, 515880:0.1100",0.0138,0.0034,neutral
2021-01-18,1.73,0.778,stress,0.0169,0.237,0.209,"515220:0.2090, 515030:0.1873, 515880:0.1100",0.0195,-0.0164,TP
2021-01-26,2.6,0.994,both,0.0164,0.342,0.2116,"515220:0.2116, 515030:0.2076, 512690:0.1268",-0.0073,0.0069,neutral
2021-01-28,2.56,0.999,both,0.0125,0.447,0.2029,"515220:0.2029, 515030:0.1987, 515050:0.1309",0.0018,0.0408,FP
2021-02-18,2.63,1.0,both,0.0305,0.316,0.2476,"515220:0.2476, 515030:0.1809, 515050:0.1241",-0.0292,-0.0622,TP
2021-03-04,1.38,0.796,stress,0.0153,0.5,0.1677,"515220:0.1677, 515030:0.1143, 512690:0.1126",-0.0213,-0.0171,TP
2021-03-08,1.97,0.965,stress,0.029,0.447,0.1782,"515220:0.1782, 512690:0.1340, 515030:0.1311",-0.011,-0.002,neutral
2021-04-19,0.0,0.661,stress,0.0151,0.263,0.1125,"515220:0.1125, 515030:0.1063, 512690:0.0852",0.0015,0.0052,neutral
2021-05-06,1.0,0.997,stress,0.0244,0.316,0.1357,"515220:0.1357, 515030:0.1093, 512690:0.0922",-0.0125,0.0135,FP
2021-05-11,1.09,0.921,stress,0.0197,0.263,0.1605,"515220:0.1605, 515030:0.1084, 512690:0.0862",0.0256,0.0423,FP
2021-05-14,1.49,0.969,stress,0.0206,0.289,0.1714,"515220:0.1714, 515030:0.1107, 159985:0.0946",0.0072,0.0357,FP
2021-05-25,1.29,0.874,stress,0.0137,0.395,0.1628,"515220:0.1628, 515030:0.0945, 512690:0.0846",0.0175,0.0071,neutral
2021-06-15,1.38,0.933,stress,0.014,0.211,0.1282,"515220:0.1282, 515030:0.0962, 512690:0.0893",0.0017,0.0135,FP
2021-06-16,1.81,0.998,stress,0.0153,0.316,0.1315,"515220:0.1315, 515030:0.1195, 512690:0.0934",0.0254,0.0374,FP
2021-06-17,1.81,0.971,stress,0.0228,0.184,0.1262,"515220:0.1262, 515030:0.1182, 512690:0.0937",0.0136,0.0266,FP
2021-06-23,1.21,0.819,stress,0.016,0.211,0.1163,"515220:0.1163, 515030:0.1138, 512690:0.0836",0.012,0.0034,neutral
2021-06-25,0.73,0.652,stress,0.0117,0.237,0.1098,"515220:0.1098, 515030:0.1039, 512690:0.0773",-0.0159,-0.0103,TP
2021-07-01,1.87,0.959,stress,0.0173,0.237,0.1418,"515220:0.1418, 515030:0.1147, 512690:0.0887",-0.0116,0.0072,neutral
2021-07-02,2.17,1.0,both,0.0175,0.474,0.1417,"515220:0.1417, 515030:0.1161, 512690:0.0938",0.0056,0.0178,FP
2021-07-08,1.38,0.739,stress,0.0181,0.211,0.1236,"515220:0.1236, 515030:0.1078, 512760:0.0750",0.0188,0.0235,FP
2021-07-13,1.64,0.805,stress,0.019,0.211,0.1366,"515220:0.1366, 515030:0.1149, 512760:0.0813",-0.0056,-0.0452,TP
2021-07-26,2.33,1.0,both,0.0261,0.579,0.1331,"515030:0.1331, 515220:0.1225, 512690:0.1007",0.0051,0.0058,neutral
2021-07-27,2.51,1.0,both,0.0227,0.526,0.1453,"515030:0.1453, 515220:0.1249, 512690:0.1053",0.0208,0.0372,FP
2021-07-29,2.53,0.997,both,0.0228,0.368,0.1502,"515030:0.1502, 515220:0.1230, 512690:0.1041",0.006,0.0121,FP
2021-08-02,2.62,1.0,both,0.0235,0.474,0.1502,"515030:0.1502, 515220:0.1303, 512690:0.1271",0.0008,-0.0007,neutral
2021-08-31,1.11,0.719,stress,0.019,0.184,0.1105,"512690:0.1105, 515220:0.0839, 515030:0.0782",0.0297,0.0193,FP
2021-09-01,1.76,0.94,stress,0.0231,0.211,0.1264,"512690:0.1264, 515220:0.0972, 512400:0.0832",0.0215,0.0087,neutral
2021-09-06,1.91,0.963,stress,0.0166,0.289,0.1292,"512690:0.1292, 515220:0.1030, 512400:0.0836",0.0064,-0.015,TP
2021-09-17,1.08,0.728,stress,0.0222,0.158,0.1145,"515220:0.1145, 512690:0.0936, 512400:0.0795",-0.0007,-0.0126,TP
2021-09-22,1.87,0.996,stress,0.02,0.289,0.1346,"515220:0.1346, 512690:0.1085, 512400:0.0893",-0.0102,-0.0014,neutral
2021-09-27,1.84,0.981,stress,0.0257,0.211,0.1451,"515220:0.1451, 512690:0.1157, 512400:0.0946",0.0011,-0.0007,neutral
2021-10-08,2.01,0.997,both,0.0224,0.289,0.1519,"515220:0.1519, 512690:0.1132, 512400:0.0872",0.0081,0.0089,neutral
2021-10-18,1.81,0.957,stress,0.0243,0.211,0.1482,"515220:0.1482, 512690:0.1212, 159981:0.0881",0.0093,-0.0043,neutral
2021-11-01,1.22,0.782,stress,0.0147,0.237,0.1363,"515220:0.1363, 159981:0.1295, 512690:0.0897",0.0007,0.0129,FP
2021-11-11,1.66,0.994,stress,0.0143,0.316,0.1392,"515220:0.1392, 159981:0.1282, 512690:0.0928",-0.0045,0.0068,neutral
2021-11-22,1.44,0.909,stress,0.0161,0.158,0.1186,"515220:0.1186, 159981:0.0895, 512690:0.0779",-0.0135,-0.017,TP
2021-11-26,1.28,0.924,stress,0.0107,0.211,0.1086,"515220:0.1086, 159981:0.0831, 512690:0.0755",0.0023,0.0125,FP
2021-12-07,1.37,0.99,stress,0.0147,0.184,0.1034,"515220:0.1034, 159981:0.0757, 512690:0.0731",0.0148,-0.0035,neutral
2021-12-08,1.55,0.998,stress,0.0126,0.289,0.1005,"515220:0.1005, 512690:0.0769, 159981:0.0754",-0.0049,-0.0129,TP
2021-12-09,0.54,0.699,stress,0.0104,0.211,0.0857,"515220:0.0857, 512690:0.0666, 159981:0.0636",-0.0042,-0.015,TP
2021-12-16,1.18,0.957,stress,0.0159,0.184,0.111,"515220:0.1110, 512690:0.0723, 159981:0.0685",-0.0108,-0.0127,TP
2021-12-17,1.35,0.997,stress,0.0122,0.316,0.1142,"515220:0.1142, 512690:0.0770, 159981:0.0690",-0.0032,0.0031,neutral
2021-12-20,1.38,1.0,stress,0.0106,0.474,0.1157,"515220:0.1157, 512690:0.0764, 159981:0.0707",0.0128,0.0159,FP
2022-01-04,1.38,0.854,stress,0.0155,0.184,0.0978,"515220:0.0978, 512690:0.0702, 512980:0.0629",-0.0275,-0.0199,TP
2022-01-05,1.9,0.999,stress,0.0167,0.316,0.105,"515220:0.1050, 512690:0.0750, 515030:0.0696",-0.0019,-0.0162,TP
2022-01-12,1.26,0.733,stress,0.0137,0.211,0.0877,"515220:0.0877, 515030:0.0668, 513050:0.0631",-0.0143,-0.0398,TP
2022-01-14,1.78,0.914,stress,0.0145,0.237,0.0848,"515220:0.0848, 515030:0.0731, 513050:0.0687",-0.0034,-0.0494,TP
2022-01-19,1.68,0.941,stress,0.0135,0.263,0.0835,"515220:0.0835, 515030:0.0752, 512980:0.0687",-0.0255,-0.0233,TP
2022-01-20,1.73,0.951,stress,0.0158,0.237,0.083,"515220:0.0830, 515030:0.0748, 513050:0.0743",-0.0506,-0.0272,TP
2022-01-21,1.39,0.842,stress,0.0139,0.237,0.0781,"515220:0.0781, 515030:0.0703, 513050:0.0698",-0.046,-0.0316,TP
2022-01-25,2.1,1.0,both,0.0127,0.474,0.0902,"515220:0.0902, 512980:0.0819, 513050:0.0783",-0.0084,-0.0046,neutral
2022-01-27,2.14,1.0,both,0.0135,0.658,0.0859,"515220:0.0859, 512980:0.0847, 513050:0.0809",0.0234,0.0186,FP
2022-02-07,2.3,0.999,both,0.0199,0.342,0.0959,"515220:0.0959, 513050:0.0780, 512980:0.0773",-0.0094,0.006,neutral
2022-02-15,2.04,0.848,both,0.0193,0.211,0.0945,"515220:0.0945, 515030:0.0724, 513050:0.0708",-0.0057,0.0085,neutral
2022-02-22,2.21,0.984,both,0.0162,0.289,0.096,"515220:0.0960, 512980:0.0752, 513050:0.0734",0.0142,-0.0454,TP
2022-02-23,1.39,0.681,stress,0.0169,0.211,0.0824,"515220:0.0824, 512980:0.0654, 513050:0.0632",-0.0057,-0.0645,TP
2022-02-24,2.38,0.995,both,0.0218,0.553,0.0964,"515220:0.0964, 512980:0.0799, 513100:0.0754",0.0082,-0.0372,TP
2022-03-07,2.38,1.0,both,0.0276,0.737,0.0956,"159981:0.0956, 515220:0.0833, 512690:0.0793",-0.0371,-0.0056,neutral
2022-03-08,2.36,0.971,both,0.0202,0.579,0.0966,"159981:0.0966, 515220:0.0895, 513100:0.0803",-0.0573,0.0173,FP
2022-03-14,2.0,0.764,both,0.0177,0.474,0.0914,"159981:0.0914, 515220:0.0854, 512170:0.0749",0.0315,0.0228,FP
2022-03-15,3.01,0.997,both,0.0229,0.737,0.1156,"515220:0.1156, 159981:0.1048, 513050:0.0956",0.0746,0.062,FP
2022-03-16,3.25,0.985,both,0.0247,0.658,0.1207,"513050:0.1207, 515220:0.1155, 510900:0.1086",0.0472,0.0426,FP
2022-04-11,2.11,0.771,both,0.0199,0.395,0.1196,"513050:0.1196, 510900:0.1067, 512200:0.0986",0.013,-0.0646,TP
2022-04-25,2.49,1.0,both,0.0222,0.789,0.1175,"515220:0.1175, 512200:0.1047, 512690:0.0994",0.0503,0.0359,FP
2022-04-27,2.49,0.944,both,0.03,0.316,0.1219,"515220:0.1219, 515030:0.1100, 512400:0.1073",0.0041,0.0272,FP
2022-04-29,2.47,0.923,both,0.0214,0.447,0.1237,"515220:0.1237, 512400:0.1104, 515030:0.1093",-0.0119,0.0014,neutral
2022-05-24,1.67,0.698,stress,0.0134,0.158,0.1039,"515220:0.1039, 513050:0.0996, 515030:0.0972",0.0364,0.068,FP
2022-06-06,1.28,1.0,stress,0.0149,0.263,0.1009,"515220:0.1009, 513050:0.0899, 515030:0.0891",-0.0025,0.0105,FP
2022-06-10,0.5,0.733,stress,0.0147,0.132,0.0848,"515220:0.0848, 513050:0.0811, 515030:0.0764",-0.0016,0.0081,neutral
2022-06-13,1.33,1.0,stress,0.0176,0.289,0.0965,"515220:0.0965, 513050:0.0961, 515030:0.0874",0.0129,0.0341,FP
2022-06-14,0.41,0.663,stress,0.0179,0.132,0.0811,"515220:0.0811, 513050:0.0810, 515030:0.0733",0.0109,0.0419,FP
2022-06-23,1.45,0.98,stress,0.0162,0.211,0.1083,"515220:0.1083, 513050:0.0874, 515030:0.0823",0.0245,0.014,FP
2022-06-29,0.84,0.748,stress,0.0135,0.184,0.0984,"515220:0.0984, 515030:0.0791, 513050:0.0766",-0.0035,-0.0274,TP
2022-07-06,1.31,0.913,stress,0.0156,0.184,0.1099,"515220:0.1099, 515030:0.0787, 512400:0.0784",-0.0239,-0.014,TP
2022-07-12,0.44,0.643,stress,0.012,0.184,0.0928,"515220:0.0928, 515030:0.0730, 512400:0.0699",0.0001,0.0063,neutral
2022-07-18,0.81,0.789,stress,0.0133,0.184,0.0941,"515220:0.0941, 515030:0.0760, 512400:0.0723",-0.0062,0.0021,neutral
2022-07-29,1.41,1.0,stress,0.0195,0.421,0.0981,"515220:0.0981, 513050:0.0806, 159981:0.0786",0.0128,0.0216,FP
2022-08-02,1.38,0.993,stress,0.0126,0.289,0.0957,"515220:0.0957, 513050:0.0790, 159981:0.0766",0.0221,0.0298,FP
2022-08-05,1.65,1.0,stress,0.0187,0.368,0.087,"512480:0.0870, 515220:0.0851, 512760:0.0847",0.0088,-0.0008,neutral
2022-08-11,1.66,1.0,stress,0.014,0.553,0.089,"515220:0.0890, 513050:0.0808, 512480:0.0807",-0.0049,-0.0141,TP
2022-08-22,1.01,0.93,stress,0.0123,0.053,0.078,"515220:0.0780, 512480:0.0756, 512760:0.0722",-0.0167,-0.0314,TP
2022-08-24,1.3,1.0,stress,0.0165,0.289,0.0834,"512480:0.0834, 515220:0.0809, 512760:0.0808",-0.0049,-0.0091,neutral
2022-08-25,1.13,0.926,stress,0.0166,0.158,0.0864,"515220:0.0864, 512480:0.0790, 512760:0.0764",-0.0232,-0.0207,TP
2022-08-29,0.98,0.885,stress,0.0137,0.184,0.0846,"515220:0.0846, 512480:0.0755, 512760:0.0727",-0.0146,0.0045,neutral
2022-09-09,0.87,0.981,stress,0.0106,0.263,0.0985,"515220:0.0985, 515030:0.0667, 512400:0.0644",-0.0416,-0.0647,TP
2022-09-13,0.92,0.984,stress,0.0157,0.211,0.0985,"515220:0.0985, 515030:0.0649, 512400:0.0632",-0.0405,-0.0538,TP
2022-09-15,1.06,0.997,stress,0.0148,0.289,0.0984,"515220:0.0984, 515030:0.0691, 159941:0.0689",-0.0324,-0.0448,TP
2022-09-16,1.33,1.0,stress,0.0148,0.421,0.1053,"515220:0.1053, 159941:0.0699, 515030:0.0696",-0.02,-0.0359,TP
2022-09-27,1.25,0.978,stress,0.0148,0.263,0.0962,"515220:0.0962, 512400:0.0661, 159941:0.0657",-0.0392,-0.0061,neutral
2022-09-28,1.31,0.98,stress,0.0128,0.316,0.0907,"515220:0.0907, 512400:0.0744, 515030:0.0661",-0.0096,-0.0003,neutral
2022-10-10,1.65,1.0,stress,0.0239,0.474,0.089,"515220:0.0890, 512480:0.0741, 512400:0.0735",0.0273,0.0011,neutral
2022-10-12,0.87,0.69,stress,0.0142,0.237,0.0689,"515220:0.0689, 512480:0.0676, 512760:0.0656",0.0093,-0.0035,neutral
2022-10-14,2.05,0.999,both,0.0223,0.316,0.0896,"512010:0.0896, 512170:0.0873, 515220:0.0855",-0.0154,-0.0477,TP
2022-10-24,2.0,1.0,both,0.0263,0.526,0.0872,"512010:0.0872, 512480:0.0845, 512170:0.0840",-0.0151,0.0389,FP
2022-10-28,2.06,0.999,both,0.0134,0.5,0.0931,"512010:0.0931, 512170:0.0917, 512480:0.0828",0.053,0.0677,FP
2022-10-31,1.62,0.844,stress,0.0197,0.237,0.0856,"512010:0.0856, 512170:0.0844, 512480:0.0772",0.054,0.064,FP
2022-11-01,2.26,1.0,both,0.0207,0.526,0.0919,"512010:0.0919, 512170:0.0886, 512480:0.0822",0.0251,0.0582,FP
2022-11-04,2.31,1.0,both,0.0206,0.5,0.0905,"512010:0.0905, 513050:0.0884, 512170:0.0874",0.0146,0.0245,FP
2022-11-11,2.22,0.999,both,0.0197,0.474,0.09,"513050:0.0900, 510900:0.0870, 159941:0.0853",0.0098,-0.0,neutral
2022-11-29,1.88,1.0,stress,0.0219,0.421,0.0948,"512200:0.0948, 513050:0.0909, 510900:0.0802",0.0159,0.0139,FP
2022-12-05,1.45,0.94,stress,0.016,0.237,0.0952,"512200:0.0952, 513050:0.0881, 510900:0.0738",-0.0034,-0.0216,TP
2022-12-19,0.86,0.88,stress,0.0106,0.211,0.085,"512200:0.0850, 513050:0.0774, 512690:0.0652",-0.0074,0.0045,neutral
2022-12-26,0.41,0.704,stress,0.0124,0.184,0.0767,"512200:0.0767, 513050:0.0738, 512690:0.0646",0.0119,0.0323,FP
2023-01-04,0.39,0.826,stress,0.0157,0.158,0.0715,"513050:0.0715, 512200:0.0650, 512690:0.0608",0.0195,0.0442,FP
2023-01-05,0.94,1.0,stress,0.0151,0.395,0.0782,"513050:0.0782, 512690:0.0758, 512200:0.0694",0.0075,0.0365,FP
2023-01-13,0.51,0.87,stress,0.0106,0.237,0.0706,"513050:0.0706, 512690:0.0682, 512200:0.0582",0.0254,0.0286,FP
2023-01-16,0.84,0.998,stress,0.0145,0.316,0.0752,"513050:0.0752, 512690:0.0728, 512200:0.0615",0.0199,0.0048,neutral
2023-01-30,0.38,0.855,stress,0.0133,0.211,0.0643,"513050:0.0643, 512690:0.0618, 515220:0.0538",-0.0151,-0.0055,neutral
2023-02-09,1.11,0.983,stress,0.0136,0.263,0.0719,"513050:0.0719, 512690:0.0631, 512010:0.0563",-0.0097,-0.0145,TP
2023-02-16,1.0,0.856,stress,0.0124,0.105,0.0682,"513050:0.0682, 512690:0.0598, 512480:0.0552",-0.0048,-0.007,neutral
2023-02-17,1.25,0.917,stress,0.0117,0.263,0.0698,"513050:0.0698, 512480:0.0612, 512760:0.0606",0.0039,0.0114,FP
2023-02-20,0.82,0.74,stress,0.012,0.263,0.0635,"513050:0.0635, 512690:0.0559, 512480:0.0545",-0.0174,-0.0025,neutral
2023-03-06,1.22,0.967,stress,0.0109,0.237,0.0693,"513050:0.0693, 512980:0.0585, 512480:0.0571",-0.0216,-0.0276,TP
2023-03-07,1.59,0.998,stress,0.0117,0.368,0.0696,"513050:0.0696, 512480:0.0610, 512980:0.0606",-0.0157,-0.005,neutral
2023-03-10,1.45,0.985,stress,0.0113,0.316,0.0698,"513050:0.0698, 512980:0.0585, 512480:0.0542",0.003,0.027,FP
2023-03-14,1.45,0.965,stress,0.0136,0.263,0.0697,"513050:0.0697, 512980:0.0598, 512480:0.0567",0.0108,0.0205,FP
2023-03-16,0.54,0.658,stress,0.0105,0.237,0.0582,"513050:0.0582, 512980:0.0500, 512480:0.0460",0.0303,0.0368,FP
2023-03-17,1.11,0.87,stress,0.0147,0.211,0.0655,"513050:0.0655, 512980:0.0608, 510900:0.0521",0.024,0.0331,FP
2023-03-21,0.97,0.776,stress,0.0111,0.263,0.0604,"513050:0.0604, 512980:0.0575, 510900:0.0507",0.0097,0.0372,FP
2023-04-03,1.89,0.999,stress,0.0189,0.289,0.0791,"512980:0.0791, 512760:0.0719, 512480:0.0701",0.0062,0.0121,FP
2023-04-06,1.69,0.95,stress,0.0181,0.237,0.0778,"512980:0.0778, 512760:0.0712, 512480:0.0702",-0.0019,0.0028,neutral
2023-04-17,1.59,0.882,stress,0.0143,0.237,0.0975,"512980:0.0975, 512480:0.0816, 512760:0.0798",-0.033,-0.0295,TP
2023-04-20,0.83,0.648,stress,0.018,0.158,0.0894,"512980:0.0894, 512480:0.0737, 512760:0.0718",-0.0339,-0.0264,TP
2023-04-21,2.1,1.0,both,0.0163,0.447,0.1119,"512980:0.1119, 512480:0.0946, 512760:0.0927",-0.0038,-0.0125,TP
2023-04-25,1.87,0.889,stress,0.0161,0.237,0.1063,"512980:0.1063, 512480:0.0913, 512760:0.0894",0.0078,-0.0045,neutral
2023-05-04,2.07,0.939,both,0.0178,0.237,0.1271,"512980:0.1271, 512480:0.0931, 515880:0.0903",-0.0068,-0.0019,neutral
2023-05-31,1.73,0.974,stress,0.0124,0.289,0.1,"512980:0.1000, 513520:0.0943, 515880:0.0719",0.0079,0.0303,FP
2023-06-02,1.82,0.996,stress,0.0134,0.368,0.0946,"513520:0.0946, 512980:0.0936, 515880:0.0673",-0.0024,0.0312,FP
2023-06-15,2.06,0.998,both,0.0142,0.368,0.0893,"513520:0.0893, 512980:0.0866, 515880:0.0666",-0.0251,-0.0014,neutral
2023-06-21,2.06,1.0,both,0.0186,0.474,0.098,"512980:0.0980, 515880:0.0806, 515050:0.0677",-0.0026,-0.0055,neutral
2023-07-03,1.27,0.705,stress,0.0161,0.211,0.0852,"512980:0.0852, 515880:0.0766, 515050:0.0649",-0.0124,0.0006,neutral
2023-07-13,2.05,1.0,both,0.0109,0.553,0.0917,"515880:0.0917, 512980:0.0907, 515050:0.0783",-0.0117,0.0033,neutral
2023-07-25,2.28,1.0,both,0.0193,0.5,0.0851,"515880:0.0851, 512980:0.0722, 515050:0.0709",0.0167,0.0061,neutral
2023-07-28,2.37,0.999,both,0.0218,0.342,0.0792,"515880:0.0792, 512880:0.0745, 512000:0.0719",0.0037,-0.0205,TP
2023-08-11,2.09,0.89,both,0.0134,0.421,0.0809,"512880:0.0809, 512000:0.0796, 512980:0.0643",-0.0235,-0.0342,TP
2023-08-18,2.12,0.911,both,0.0111,0.368,0.0809,"512880:0.0809, 512000:0.0797, 512980:0.0698",-0.0107,0.0177,FP
2023-08-23,2.09,0.952,both,0.0138,0.342,0.0841,"512880:0.0841, 512000:0.0825, 512980:0.0721",0.0302,0.0338,FP
2023-08-25,1.62,0.784,stress,0.0156,0.263,0.0688,"515880:0.0688, 512980:0.0680, 512880:0.0634",0.0284,0.0181,FP
2023-08-29,2.56,0.979,both,0.0145,0.395,0.0796,"515880:0.0796, 512980:0.0774, 512880:0.0713",0.006,-0.0021,neutral
2023-09-22,2.17,0.999,both,0.016,0.395,0.0721,"515880:0.0721, 512980:0.0694, 512200:0.0671",-0.0148,-0.0211,TP
2023-10-10,0.91,0.747,stress,0.0115,0.263,0.0576,"515880:0.0576, 512980:0.0537, 515050:0.0480",-0.0007,-0.0317,TP
2023-10-19,1.88,0.989,stress,0.0112,0.368,0.0612,"515880:0.0612, 512980:0.0565, 515050:0.0508",-0.0097,0.0077,neutral
2023-10-27,2.15,0.947,both,0.0114,0.316,0.0629,"515880:0.0629, 512980:0.0604, 512880:0.0525",0.0142,0.0209,FP
2023-10-30,2.07,0.938,both,0.0142,0.263,0.054,"512980:0.0540, 512170:0.0540, 515880:0.0538",0.0207,0.0138,FP
2023-11-06,2.31,0.989,both,0.0141,0.316,0.0638,"512980:0.0638, 515880:0.0577, 512480:0.0561",-0.0069,-0.0021,neutral
2023-11-13,1.64,0.875,stress,0.0105,0.158,0.059,"512980:0.0590, 515880:0.0570, 512480:0.0494",0.0048,-0.0088,neutral
2023-11-15,1.53,0.867,stress,0.0091,0.211,0.0568,"512980:0.0568, 515880:0.0542, 515030:0.0491",-0.0171,-0.0245,TP
2023-11-27,1.19,0.879,stress,0.0113,0.132,0.0533,"512980:0.0533, 515880:0.0527, 515030:0.0460",-0.0066,-0.0117,TP
2023-12-04,0.86,0.868,stress,0.0108,0.132,0.0538,"512980:0.0538, 515880:0.0483, 512200:0.0452",-0.0051,-0.0203,TP
2023-12-05,1.55,1.0,stress,0.0079,0.632,0.0599,"512980:0.0599, 515880:0.0527, 512200:0.0500",0.0143,-0.0018,neutral
2023-12-13,1.55,0.975,stress,0.0112,0.289,0.0587,"512980:0.0587, 515880:0.0584, 512200:0.0543",-0.0123,-0.0115,TP
2023-12-20,1.45,0.981,stress,0.0135,0.237,0.0635,"512980:0.0635, 515880:0.0554, 512200:0.0542",0.0008,-0.0017,neutral
2023-12-22,1.53,0.948,stress,0.02,0.132,0.085,"512980:0.0850, 515880:0.0536, 513050:0.0517",0.0185,-0.024,TP
2023-12-28,2.1,1.0,both,0.0159,0.5,0.0852,"512980:0.0852, 515880:0.0600, 515030:0.0573",-0.0278,-0.0345,TP
2024-01-08,1.9,0.974,stress,0.0118,0.316,0.0784,"512980:0.0784, 515880:0.0569, 515030:0.0564",0.0076,-0.0254,TP
2024-01-17,2.37,1.0,both,0.0117,0.632,0.0796,"512980:0.0796, 513520:0.0782, 515030:0.0636",0.0112,-0.0249,TP
2024-01-22,2.77,1.0,both,0.0266,0.763,0.0851,"513520:0.0851, 512980:0.0727, 515880:0.0669",0.0147,-0.0314,TP
2024-01-24,2.57,0.869,both,0.018,0.237,0.0961,"513520:0.0961, 512980:0.0709, 515880:0.0644",-0.0361,-0.0017,neutral
2024-01-25,3.0,0.994,both,0.0227,0.316,0.1183,"513520:0.1183, 512980:0.0778, 512200:0.0733",-0.0475,-0.003,neutral
2024-01-29,1.73,0.635,stress,0.0181,0.211,0.0992,"513520:0.0992, 515880:0.0647, 512980:0.0634",-0.0461,0.0276,FP
2024-01-30,2.72,0.963,both,0.0189,0.316,0.1201,"513520:0.1201, 512200:0.0785, 515880:0.0776",0.0048,0.0492,FP
2024-01-31,1.69,0.602,stress,0.0148,0.263,0.1053,"513520:0.1053, 512200:0.0671, 515880:0.0650",0.0345,0.0748,FP
2024-02-06,3.48,0.88,both,0.0311,0.658,0.1063,"513520:0.1063, 512980:0.0968, 515880:0.0955",0.0445,0.0529,FP
2024-04-16,2.01,0.935,both,0.0145,0.316,0.0841,"512980:0.0841, 515880:0.0831, 515030:0.0786",-0.0008,0.0368,FP
2024-04-17,1.63,0.811,stress,0.0167,0.263,0.0828,"515880:0.0828, 512980:0.0814, 515030:0.0734",-0.0025,0.0392,FP
2024-04-24,1.73,0.794,stress,0.0133,0.289,0.0849,"515880:0.0849, 512980:0.0731, 515050:0.0723",0.0418,0.0425,FP
2024-04-26,2.65,0.999,both,0.0173,0.447,0.0964,"515880:0.0964, 515050:0.0827, 512980:0.0787",0.017,0.0204,FP
2024-04-29,2.34,0.907,both,0.0179,0.289,0.0908,"515880:0.0908, 512200:0.0848, 515050:0.0789",0.0118,0.0138,FP
2024-05-06,2.58,0.963,both,0.016,0.342,0.0911,"515880:0.0911, 512200:0.0887, 513050:0.0822",0.0007,0.0203,FP
2024-05-15,1.9,0.844,stress,0.0104,0.026,0.0843,"512200:0.0843, 515880:0.0725, 513050:0.0707",0.0176,-0.004,neutral
2024-05-16,2.16,0.955,both,0.011,0.132,0.0914,"512200:0.0914, 515880:0.0763, 513050:0.0732",-0.0019,-0.0175,TP
2024-05-17,0.77,0.618,stress,0.0152,0.079,0.0898,"512200:0.0898, 515880:0.0619, 513050:0.0603",-0.0253,-0.0274,TP
2024-05-20,1.72,0.917,stress,0.0156,0.132,0.1058,"512200:0.1058, 161226:0.0740, 513050:0.0694",-0.0214,-0.035,TP
2024-06-11,1.2,1.0,stress,0.0173,0.237,0.0996,"161226:0.0996, 512200:0.0982, 512400:0.0681",0.0042,-0.0248,TP
2024-06-20,0.38,0.79,stress,0.0119,0.132,0.0798,"161226:0.0798, 512200:0.0680, 515880:0.0580",-0.0217,-0.0215,TP
2024-06-24,0.82,1.0,stress,0.0111,0.316,0.0868,"161226:0.0868, 512200:0.0761, 515880:0.0648",0.0017,-0.0131,TP
2024-06-25,0.77,0.991,stress,0.0136,0.211,0.0848,"161226:0.0848, 512200:0.0758, 515880:0.0671",0.0038,0.0053,neutral
2024-06-26,0.92,0.998,stress,0.0132,0.263,0.0843,"161226:0.0843, 512200:0.0745, 515880:0.0689",-0.0051,-0.0096,neutral
2024-06-27,0.38,0.779,stress,0.0092,0.211,0.0733,"161226:0.0733, 512200:0.0669, 515880:0.0629",0.0002,0.016,FP
2024-07-04,0.88,0.993,stress,0.0121,0.263,0.0806,"512200:0.0806, 161226:0.0752, 515880:0.0701",0.0158,0.0171,FP
2024-07-05,0.65,0.89,stress,0.0118,0.211,0.0755,"512200:0.0755, 161226:0.0700, 515880:0.0659",0.0114,0.0128,FP
2024-07-08,0.97,0.999,stress,0.0131,0.316,0.0811,"512200:0.0811, 161226:0.0724, 515880:0.0677",0.0202,0.0203,FP
2024-07-09,1.01,0.999,stress,0.0156,0.316,0.0811,"512200:0.0811, 515880:0.0779, 515050:0.0727",0.0115,-0.0113,TP
2024-07-11,1.14,0.999,stress,0.0115,0.395,0.082,"512200:0.0820, 515880:0.0763, 515050:0.0715",0.0013,-0.0418,TP
2024-07-12,1.19,0.987,stress,0.0177,0.237,0.0829,"512200:0.0829, 515880:0.0736, 515050:0.0703",0.0013,-0.0302,TP
2024-07-23,1.63,1.0,stress,0.0172,0.526,0.0764,"512200:0.0764, 512400:0.0727, 515050:0.0709",-0.0163,-0.026,TP
2024-07-25,1.53,0.936,stress,0.0145,0.263,0.0737,"512200:0.0737, 512400:0.0702, 515880:0.0668",0.0266,-0.0062,neutral
2024-07-31,2.44,1.0,both,0.0165,0.605,0.0765,"512400:0.0765, 512200:0.0761, 513520:0.0729",-0.0358,-0.0377,TP
2024-08-02,2.12,0.907,both,0.0171,0.237,0.0733,"513520:0.0733, 515880:0.0710, 512400:0.0709",-0.0166,-0.0059,neutral
2024-08-05,2.66,1.0,both,0.0274,0.447,0.0971,"513520:0.0971, 513880:0.0933, 515880:0.0830",0.0102,0.0189,FP
2024-08-16,2.11,0.912,both,0.0144,0.105,0.0936,"513880:0.0936, 513520:0.0923, 159941:0.0841",-0.0143,-0.0033,neutral
2024-08-30,1.48,1.0,stress,0.0143,0.5,0.0855,"513880:0.0855, 513520:0.0835, 159941:0.0779",-0.0287,-0.0352,TP
2024-09-02,1.26,1.0,stress,0.0153,0.658,0.0688,"512200:0.0688, 161226:0.0676, 159941:0.0647",-0.0175,-0.0146,TP
2024-09-24,2.05,1.0,both,0.0242,0.711,0.07,"512690:0.0700, 515880:0.0683, 161226:0.0673",0.2002,0.1334,FP
2024-09-26,2.69,1.0,both,0.0266,0.737,0.0956,"512690:0.0956, 512200:0.0912, 159928:0.0903",0.1094,0.0756,FP
2024-09-27,3.3,1.0,both,0.0386,0.737,0.1137,"512690:0.1137, 512200:0.1100, 159928:0.1035",0.0431,0.065,FP
2024-09-30,4.04,1.0,both,0.049,0.789,0.1571,"159915:0.1571, 512690:0.1292, 512200:0.1253",-0.0059,0.0046,neutral
2024-10-08,3.96,0.999,both,0.0548,0.474,0.2001,"159915:0.2001, 512690:0.1283, 512000:0.1275",-0.0668,-0.0355,TP
2024-10-09,3.96,1.0,both,0.0548,0.658,0.2306,"159915:0.2306, 512690:0.1447, 512200:0.1441",-0.0249,0.0112,FP
2024-11-22,1.61,0.996,stress,0.0195,0.316,0.131,"159915:0.1310, 512000:0.1233, 512480:0.1188",0.0122,0.0297,FP
2024-12-13,0.69,0.999,stress,0.0122,0.342,0.102,"159915:0.1020, 512980:0.0866, 515030:0.0857",-0.0096,-0.0029,neutral
2024-12-19,-0.1,0.671,stress,0.0144,0.158,0.0799,"159915:0.0799, 512760:0.0705, 512980:0.0703",0.007,-0.0388,TP
2024-12-23,0.29,0.974,stress,0.0178,0.211,0.0877,"512980:0.0877, 159915:0.0866, 512200:0.0796",0.0081,-0.0314,TP
2024-12-31,0.09,0.866,stress,0.0143,0.184,0.0774,"512480:0.0774, 512980:0.0770, 159915:0.0741",-0.0273,-0.02,TP
2025-01-02,0.77,1.0,stress,0.0214,0.5,0.0891,"512480:0.0891, 512760:0.0860, 159915:0.0846",-0.0087,0.0023,neutral
2025-01-14,1.19,1.0,stress,0.0182,0.658,0.0935,"512480:0.0935, 515880:0.0909, 512760:0.0906",0.0133,0.0107,FP
2025-01-22,0.44,0.694,stress,0.0148,0.211,0.0782,"515880:0.0782, 515050:0.0749, 512480:0.0745",0.0156,0.036,FP
2025-02-05,1.31,0.863,stress,0.0203,0.184,0.0918,"515880:0.0918, 515050:0.0853, 512480:0.0830",0.036,0.0438,FP
2025-02-21,1.15,0.998,stress,0.0185,0.211,0.0885,"515880:0.0885, 512480:0.0854, 512760:0.0834",-0.0311,-0.0138,TP
2025-02-28,1.97,1.0,stress,0.016,0.658,0.0993,"513050:0.0993, 515880:0.0934, 515050:0.0902",0.0173,0.0272,FP
2025-03-14,1.87,0.997,stress,0.0124,0.474,0.1041,"513050:0.1041, 512980:0.0825, 512480:0.0819",-0.0159,-0.0195,TP
2025-04-03,0.45,0.692,stress,0.0137,0.211,0.0661,"513050:0.0661, 515050:0.0536, 515880:0.0511",-0.029,-0.0257,TP
2025-04-07,4.61,1.0,both,0.0312,0.974,0.1045,"159915:0.1045, 513050:0.1045, 515050:0.0922",0.0579,0.0607,FP
2025-04-08,3.85,0.934,both,0.0257,0.237,0.1015,"513050:0.1015, 159915:0.1015, 515050:0.0949",0.0443,0.052,FP
2025-04-10,3.47,0.872,both,0.0248,0.237,0.1049,"513100:0.1049, 513500:0.1036, 159941:0.1020",0.0063,0.015,FP
2025-05-14,0.1,0.731,stress,0.0113,0.237,0.0633,"515880:0.0633, 515050:0.0611, 513050:0.0609",-0.0047,-0.0212,TP
2025-05-21,-0.15,0.619,stress,0.0116,0.132,0.0576,"515880:0.0576, 518880:0.0569, 518800:0.0565",-0.0165,0.0019,neutral
2025-06-13,0.14,0.999,stress,0.0112,0.184,0.0601,"515880:0.0601, 515050:0.0591, 513050:0.0551",-0.0068,0.0201,FP
2025-06-24,0.21,1.0,stress,0.0139,0.421,0.0599,"515880:0.0599, 515050:0.0588, 161226:0.0565",0.0186,0.0243,FP
2025-06-25,0.28,1.0,stress,0.0137,0.263,0.0591,"512000:0.0591, 512880:0.0590, 515880:0.0583",0.0037,0.0101,FP
2025-07-15,0.71,0.999,stress,0.0163,0.184,0.0742,"515880:0.0742, 515050:0.0693, 512000:0.0558",0.0259,0.0442,FP
2025-07-17,0.61,0.954,stress,0.0107,0.184,0.0746,"515880:0.0746, 515050:0.0718, 512000:0.0520",0.0316,0.0225,FP
2025-07-22,0.74,0.964,stress,0.0156,0.132,0.0723,"515880:0.0723, 515050:0.0704, 515220:0.0649",0.0182,0.0097,neutral
2025-07-23,0.37,0.791,stress,0.0125,0.132,0.066,"515880:0.0660, 515050:0.0644, 515220:0.0601",0.0111,0.0097,neutral
2025-07-24,1.01,1.0,stress,0.0137,0.368,0.0727,"515880:0.0727, 515050:0.0709, 515220:0.0665",-0.0091,0.0015,neutral
2025-07-28,0.55,0.742,stress,0.0134,0.132,0.0628,"515880:0.0628, 515050:0.0616, 515220:0.0615",-0.0111,0.0065,neutral
2025-07-31,1.88,1.0,stress,0.0131,0.421,0.0716,"515220:0.0716, 515880:0.0713, 515050:0.0672",0.0106,0.0292,FP
2025-08-11,1.8,0.992,stress,0.0099,0.158,0.0698,"515220:0.0698, 515880:0.0576, 515050:0.0569",0.0316,0.0695,FP
2025-08-13,1.91,0.999,stress,0.0157,0.289,0.0686,"515220:0.0686, 515880:0.0641, 515050:0.0613",0.0158,0.0355,FP
2025-08-15,1.98,0.981,stress,0.0134,0.263,0.0682,"515220:0.0682, 515880:0.0641, 515050:0.0585",0.0255,0.0504,FP
2025-08-18,1.49,0.835,stress,0.0119,0.237,0.0624,"515880:0.0624, 515220:0.0622, 515050:0.0576",0.0378,0.0525,FP
2025-08-22,2.08,1.0,both,0.0241,0.342,0.0744,"512760:0.0744, 515880:0.0717, 512480:0.0714",0.0249,0.0225,FP
2025-08-25,2.25,0.999,both,0.0143,0.526,0.0798,"515880:0.0798, 512760:0.0739, 512480:0.0709",0.0146,0.0062,neutral
2025-08-27,2.06,0.932,both,0.0138,0.368,0.0781,"515880:0.0781, 512760:0.0704, 512480:0.0677",0.0128,0.0216,FP
2025-08-28,1.97,0.92,stress,0.0254,0.263,0.0918,"515880:0.0918, 512760:0.0789, 512480:0.0766",-0.0186,0.0258,FP
2025-09-01,1.2,0.614,stress,0.0185,0.263,0.0801,"515880:0.0801, 512760:0.0684, 512480:0.0668",-0.0084,0.0116,FP
2025-09-04,2.83,1.0,both,0.0268,0.526,0.1225,"515880:0.1225, 515050:0.1037, 512480:0.0982",0.0445,0.0469,FP
2025-09-05,2.75,0.939,both,0.022,0.368,0.1229,"515880:0.1229, 515050:0.1054, 512480:0.0957",0.0227,0.0254,FP
2025-09-11,2.49,0.881,both,0.0266,0.289,0.1319,"515880:0.1319, 515050:0.1154, 512480:0.0980",0.0024,0.0208,FP
2025-10-09,1.88,0.785,stress,0.0212,0.263,0.1031,"515880:0.1031, 515050:0.0943, 512400:0.0828",-0.0175,-0.0172,TP
2025-10-10,2.26,0.946,both,0.0192,0.342,0.102,"515880:0.1020, 515050:0.0951, 512400:0.0896",-0.0184,0.0088,neutral
2025-10-13,1.9,0.877,stress,0.0193,0.316,0.094,"515880:0.0940, 515050:0.0882, 512400:0.0869",-0.0062,0.0265,FP
2025-10-14,2.29,0.991,both,0.0224,0.395,0.1034,"515880:0.1034, 515050:0.0983, 512400:0.0963",0.0223,0.034,FP
2025-10-17,2.17,0.963,both,0.0171,0.395,0.0955,"512400:0.0955, 512480:0.0878, 515030:0.0855",0.0273,0.0312,FP
2025-10-20,1.96,0.858,stress,0.0234,0.289,0.09,"512400:0.0900, 512480:0.0824, 515880:0.0820",0.0327,0.0245,FP
2025-11-13,1.32,0.654,stress,0.0135,0.079,0.0974,"515880:0.0974, 515050:0.0944, 512760:0.0739",-0.0329,-0.0353,TP
2025-11-14,2.24,0.99,both,0.0108,0.211,0.1153,"515880:0.1153, 515050:0.1112, 512760:0.0872",-0.0418,-0.014,TP
2025-11-18,2.07,0.999,both,0.0158,0.289,0.1049,"515880:0.1049, 515050:0.1017, 512480:0.0840",-0.0097,0.004,neutral
2025-11-21,2.18,1.0,both,0.0158,0.526,0.1029,"515880:0.1029, 515050:0.1002, 515030:0.0919",0.0277,0.0352,FP
2025-12-17,1.8,1.0,stress,0.0192,0.316,0.1152,"161226:0.1152, 515880:0.1108, 515050:0.1020",0.027,0.0161,FP
2025-12-22,1.22,0.942,stress,0.0194,0.184,0.1222,"161226:0.1222, 515880:0.1037, 515050:0.0950",0.0045,0.0363,FP
2026-01-05,1.74,1.0,stress,0.0147,0.632,0.2038,"161226:0.2038, 515880:0.0969, 515050:0.0884",0.0356,0.0292,FP
2026-01-06,1.74,0.953,stress,0.0176,0.263,0.2069,"161226:0.2069, 515880:0.0941, 515050:0.0856",0.0143,0.0107,FP
2026-01-12,1.47,0.797,stress,0.022,0.158,0.1895,"161226:0.1895, 512980:0.0897, 515880:0.0776",-0.0064,0.0058,neutral
2026-01-21,2.05,0.954,both,0.0198,0.237,0.2139,"161226:0.2139, 512980:0.1079, 512660:0.1026",0.0197,0.0017,neutral
2026-01-26,1.37,0.726,stress,0.0217,0.158,0.1749,"161226:0.1749, 512980:0.0984, 512660:0.0963",-0.0245,-0.0065,neutral
2026-01-28,1.9,0.89,stress,0.0227,0.184,0.1835,"161226:0.1835, 512980:0.1063, 512660:0.1040",-0.018,-0.0165,TP
2026-02-02,2.28,0.642,both,0.0279,0.684,0.1752,"161226:0.1752, 512400:0.1169, 512980:0.1009",0.018,0.0164,FP
2026-03-03,3.69,0.902,both,0.0257,0.395,0.2635,"161226:0.2635, 512400:0.1421, 518880:0.1194",0.005,-0.0087,neutral
2026-03-19,2.5,0.886,both,0.021,0.368,0.2001,"161226:0.2001, 512400:0.1034, 159981:0.1017",-0.0266,-0.0222,TP
2026-03-23,3.46,1.0,both,0.0289,0.895,0.2198,"161226:0.2198, 159981:0.1159, 512400:0.1114",0.0279,0.0221,FP
2026-04-08,3.89,1.0,both,0.0317,0.711,0.2042,"161226:0.2042, 159981:0.1322, 512400:0.1126",0.0121,0.0336,FP
