asset,asset_name,version,start_date,ann_return,vol,sharpe,max_drawdown,calmar,n_windows,mean_position,position_std,total_turnover,cost_bp
510300,沪深300,v8_method_b,2018-01-01,0.0416,0.1866,0.2232,-0.598,0.0696,14,1.0,0.0,0.0,0
510300,沪深300,v8_method_b,2018-01-01,0.0416,0.1866,0.2232,-0.598,0.0696,14,1.0,0.0,0.0,10
510300,沪深300,v8_method_b,2018-01-01,0.0416,0.1866,0.2232,-0.598,0.0696,14,1.0,0.0,0.0,20
510300,沪深300,v8_prob_2state,2018-01-01,0.025,0.0933,0.2685,-0.3543,0.0707,14,0.5,0.0,0.5,0
510300,沪深300,v8_prob_2state,2018-01-01,0.025,0.0933,0.2685,-0.3543,0.0707,14,0.5,0.0,0.5,10
510300,沪深300,v8_prob_2state,2018-01-01,0.025,0.0933,0.2685,-0.3543,0.0707,14,0.5,0.0,0.5,20
510300,沪深300,v8_prob_3state,2018-01-01,0.0264,0.0995,0.2655,-0.3736,0.0707,14,0.5333333333333332,1.1102230246251565e-16,0.4667,0
510300,沪深300,v8_prob_3state,2018-01-01,0.0264,0.0995,0.2655,-0.3736,0.0707,14,0.5333333333333332,1.1102230246251565e-16,0.4667,10
510300,沪深300,v8_prob_3state,2018-01-01,0.0264,0.0995,0.2655,-0.3736,0.0707,14,0.5333333333333332,1.1102230246251565e-16,0.4667,20
510300,沪深300,v8_uniform,2018-01-01,0.0416,0.1866,0.2232,-0.598,0.0696,14,1.0,0.0,0.0,0
510300,沪深300,v8_uniform,2018-01-01,0.0416,0.1866,0.2232,-0.598,0.0696,14,1.0,0.0,0.0,10
510300,沪深300,v8_uniform,2018-01-01,0.0416,0.1866,0.2232,-0.598,0.0696,14,1.0,0.0,0.0,20
510300,沪深300,v8_method_b,2019-01-01,0.1004,0.1897,0.5291,-0.3969,0.2528,10,1.0,0.0,0.0,0
510300,沪深300,v8_method_b,2019-01-01,0.1004,0.1897,0.5291,-0.3969,0.2528,10,1.0,0.0,0.0,10
510300,沪深300,v8_method_b,2019-01-01,0.1004,0.1897,0.5291,-0.3969,0.2528,10,1.0,0.0,0.0,20
510300,沪深300,v8_prob_2state,2019-01-01,0.0537,0.0948,0.5661,-0.2168,0.2476,10,0.5,0.0,0.5,0
510300,沪深300,v8_prob_2state,2019-01-01,0.0537,0.0948,0.5661,-0.2168,0.2476,10,0.5,0.0,0.5,10
510300,沪深300,v8_prob_2state,2019-01-01,0.0537,0.0948,0.5661,-0.2168,0.2476,10,0.5,0.0,0.5,20
510300,沪深300,v8_prob_3state,2019-01-01,0.057,0.1012,0.5638,-0.23,0.248,10,0.5333333333333332,1.1102230246251565e-16,0.4667,0
510300,沪深300,v8_prob_3state,2019-01-01,0.057,0.1012,0.5638,-0.23,0.248,10,0.5333333333333332,1.1102230246251565e-16,0.4667,10
510300,沪深300,v8_prob_3state,2019-01-01,0.057,0.1012,0.5638,-0.23,0.248,10,0.5333333333333332,1.1102230246251565e-16,0.4667,20
510300,沪深300,v8_uniform,2019-01-01,0.1004,0.1897,0.5291,-0.3969,0.2528,10,1.0,0.0,0.0,0
510300,沪深300,v8_uniform,2019-01-01,0.1004,0.1897,0.5291,-0.3969,0.2528,10,1.0,0.0,0.0,10
510300,沪深300,v8_uniform,2019-01-01,0.1004,0.1897,0.5291,-0.3969,0.2528,10,1.0,0.0,0.0,20
510300,沪深300,v8_method_b,2020-01-01,0.2252,0.1995,1.1287,-0.2036,1.1062,6,1.0,0.0,0.0,0
510300,沪深300,v8_method_b,2020-01-01,0.2252,0.1995,1.1287,-0.2036,1.1062,6,1.0,0.0,0.0,10
510300,沪深300,v8_method_b,2020-01-01,0.2252,0.1995,1.1287,-0.2036,1.1062,6,1.0,0.0,0.0,20
510300,沪深300,v8_prob_2state,2020-01-01,0.1124,0.0998,1.1268,-0.1044,1.0772,6,0.5,0.0,0.5,0
510300,沪深300,v8_prob_2state,2020-01-01,0.1124,0.0998,1.1268,-0.1044,1.0772,6,0.5,0.0,0.5,10
510300,沪深300,v8_prob_2state,2020-01-01,0.1124,0.0998,1.1268,-0.1044,1.0772,6,0.5,0.0,0.5,20
510300,沪深300,v8_prob_3state,2020-01-01,0.12,0.1064,1.1272,-0.1112,1.0792,6,0.5333333333333332,1.1102230246251565e-16,0.4667,0
510300,沪深300,v8_prob_3state,2020-01-01,0.12,0.1064,1.1272,-0.1112,1.0792,6,0.5333333333333332,1.1102230246251565e-16,0.4667,10
510300,沪深300,v8_prob_3state,2020-01-01,0.12,0.1064,1.1272,-0.1112,1.0792,6,0.5333333333333332,1.1102230246251565e-16,0.4667,20
510300,沪深300,v8_uniform,2020-01-01,0.2252,0.1995,1.1287,-0.2036,1.1062,6,1.0,0.0,0.0,0
510300,沪深300,v8_uniform,2020-01-01,0.2252,0.1995,1.1287,-0.2036,1.1062,6,1.0,0.0,0.0,10
510300,沪深300,v8_uniform,2020-01-01,0.2252,0.1995,1.1287,-0.2036,1.1062,6,1.0,0.0,0.0,20
511260,国债,v8_method_b,2018-01-01,0.0456,0.023,1.983,-0.0234,1.9482,14,1.0,0.0,0.0,0
511260,国债,v8_method_b,2018-01-01,0.0456,0.023,1.983,-0.0234,1.9482,14,1.0,0.0,0.0,10
511260,国债,v8_method_b,2018-01-01,0.0456,0.023,1.983,-0.0234,1.9482,14,1.0,0.0,0.0,20
511260,国债,v8_prob_2state,2018-01-01,0.0226,0.0115,1.9668,-0.0117,1.9262,14,0.5,0.0,0.5,0
511260,国债,v8_prob_2state,2018-01-01,0.0226,0.0115,1.9668,-0.0117,1.9262,14,0.5,0.0,0.5,10
511260,国债,v8_prob_2state,2018-01-01,0.0226,0.0115,1.9668,-0.0117,1.9262,14,0.5,0.0,0.5,20
511260,国债,v8_prob_3state,2018-01-01,0.0241,0.0123,1.9679,-0.0125,1.9276,14,0.5333333333333332,1.1102230246251565e-16,0.4667,0
511260,国债,v8_prob_3state,2018-01-01,0.0241,0.0123,1.9679,-0.0125,1.9276,14,0.5333333333333332,1.1102230246251565e-16,0.4667,10
511260,国债,v8_prob_3state,2018-01-01,0.0241,0.0123,1.9679,-0.0125,1.9276,14,0.5333333333333332,1.1102230246251565e-16,0.4667,20
511260,国债,v8_uniform,2018-01-01,0.0456,0.023,1.983,-0.0234,1.9482,14,1.0,0.0,0.0,0
511260,国债,v8_uniform,2018-01-01,0.0456,0.023,1.983,-0.0234,1.9482,14,1.0,0.0,0.0,10
511260,国债,v8_uniform,2018-01-01,0.0456,0.023,1.983,-0.0234,1.9482,14,1.0,0.0,0.0,20
511260,国债,v8_method_b,2019-01-01,0.05,0.0241,2.0758,-0.0238,2.1048,10,1.0,0.0,0.0,0
511260,国债,v8_method_b,2019-01-01,0.05,0.0241,2.0758,-0.0238,2.1048,10,1.0,0.0,0.0,10
511260,国债,v8_method_b,2019-01-01,0.05,0.0241,2.0758,-0.0238,2.1048,10,1.0,0.0,0.0,20
511260,国债,v8_prob_2state,2019-01-01,0.0248,0.0121,2.0567,-0.0119,2.0785,10,0.5,0.0,0.5,0
511260,国债,v8_prob_2state,2019-01-01,0.0248,0.0121,2.0567,-0.0119,2.0785,10,0.5,0.0,0.5,10
511260,国债,v8_prob_2state,2019-01-01,0.0248,0.0121,2.0567,-0.0119,2.0785,10,0.5,0.0,0.5,20
511260,国债,v8_prob_3state,2019-01-01,0.0265,0.0129,2.058,-0.0127,2.0803,10,0.5333333333333332,1.1102230246251565e-16,0.4667,0
511260,国债,v8_prob_3state,2019-01-01,0.0265,0.0129,2.058,-0.0127,2.0803,10,0.5333333333333332,1.1102230246251565e-16,0.4667,10
511260,国债,v8_prob_3state,2019-01-01,0.0265,0.0129,2.058,-0.0127,2.0803,10,0.5333333333333332,1.1102230246251565e-16,0.4667,20
511260,国债,v8_uniform,2019-01-01,0.05,0.0241,2.0758,-0.0238,2.1048,10,1.0,0.0,0.0,0
511260,国债,v8_uniform,2019-01-01,0.05,0.0241,2.0758,-0.0238,2.1048,10,1.0,0.0,0.0,10
511260,国债,v8_uniform,2019-01-01,0.05,0.0241,2.0758,-0.0238,2.1048,10,1.0,0.0,0.0,20
511260,国债,v8_method_b,2020-01-01,0.0428,0.0254,1.6832,-0.0225,1.9057,6,1.0,0.0,0.0,0
511260,国债,v8_method_b,2020-01-01,0.0428,0.0254,1.6832,-0.0225,1.9057,6,1.0,0.0,0.0,10
511260,国债,v8_method_b,2020-01-01,0.0428,0.0254,1.6832,-0.0225,1.9057,6,1.0,0.0,0.0,20
511260,国债,v8_prob_2state,2020-01-01,0.0213,0.0127,1.6722,-0.0113,1.8849,6,0.5,0.0,0.5,0
511260,国债,v8_prob_2state,2020-01-01,0.0213,0.0127,1.6722,-0.0113,1.8849,6,0.5,0.0,0.5,10
511260,国债,v8_prob_2state,2020-01-01,0.0213,0.0127,1.6722,-0.0113,1.8849,6,0.5,0.0,0.5,20
511260,国债,v8_prob_3state,2020-01-01,0.0227,0.0136,1.6729,-0.012,1.8863,6,0.5333333333333332,1.1102230246251565e-16,0.4667,0
511260,国债,v8_prob_3state,2020-01-01,0.0227,0.0136,1.6729,-0.012,1.8863,6,0.5333333333333332,1.1102230246251565e-16,0.4667,10
511260,国债,v8_prob_3state,2020-01-01,0.0227,0.0136,1.6729,-0.012,1.8863,6,0.5333333333333332,1.1102230246251565e-16,0.4667,20
511260,国债,v8_uniform,2020-01-01,0.0428,0.0254,1.6832,-0.0225,1.9057,6,1.0,0.0,0.0,0
511260,国债,v8_uniform,2020-01-01,0.0428,0.0254,1.6832,-0.0225,1.9057,6,1.0,0.0,0.0,10
511260,国债,v8_uniform,2020-01-01,0.0428,0.0254,1.6832,-0.0225,1.9057,6,1.0,0.0,0.0,20
518880,黄金,v8_method_b,2018-01-01,0.2837,0.1575,1.801,-0.2489,1.1396,14,1.0,0.0,0.0,0
518880,黄金,v8_method_b,2018-01-01,0.2837,0.1575,1.801,-0.2489,1.1396,14,1.0,0.0,0.0,10
518880,黄金,v8_method_b,2018-01-01,0.2837,0.1575,1.801,-0.2489,1.1396,14,1.0,0.0,0.0,20
518880,黄金,v8_prob_2state,2018-01-01,0.1366,0.0787,1.7343,-0.1288,1.0602,14,0.5,0.0,0.5,0
518880,黄金,v8_prob_2state,2018-01-01,0.1366,0.0787,1.7343,-0.1288,1.0602,14,0.5,0.0,0.5,10
518880,黄金,v8_prob_2state,2018-01-01,0.1366,0.0787,1.7343,-0.1288,1.0602,14,0.5,0.0,0.5,20
518880,黄金,v8_prob_3state,2018-01-01,0.1461,0.084,1.7388,-0.1371,1.0653,14,0.5333333333333332,1.1102230246251565e-16,0.4667,0
518880,黄金,v8_prob_3state,2018-01-01,0.1461,0.084,1.7388,-0.1371,1.0653,14,0.5333333333333332,1.1102230246251565e-16,0.4667,10
518880,黄金,v8_prob_3state,2018-01-01,0.1461,0.084,1.7388,-0.1371,1.0653,14,0.5333333333333332,1.1102230246251565e-16,0.4667,20
518880,黄金,v8_uniform,2018-01-01,0.2837,0.1575,1.801,-0.2489,1.1396,14,1.0,0.0,0.0,0
518880,黄金,v8_uniform,2018-01-01,0.2837,0.1575,1.801,-0.2489,1.1396,14,1.0,0.0,0.0,10
518880,黄金,v8_uniform,2018-01-01,0.2837,0.1575,1.801,-0.2489,1.1396,14,1.0,0.0,0.0,20
518880,黄金,v8_method_b,2019-01-01,0.3458,0.1747,1.9791,-0.2489,1.3894,10,1.0,0.0,0.0,0
518880,黄金,v8_method_b,2019-01-01,0.3458,0.1747,1.9791,-0.2489,1.3894,10,1.0,0.0,0.0,10
518880,黄金,v8_method_b,2019-01-01,0.3458,0.1747,1.9791,-0.2489,1.3894,10,1.0,0.0,0.0,20
518880,黄金,v8_prob_2state,2019-01-01,0.1646,0.0874,1.8844,-0.1288,1.2781,10,0.5,0.0,0.5,0
518880,黄金,v8_prob_2state,2019-01-01,0.1646,0.0874,1.8844,-0.1288,1.2781,10,0.5,0.0,0.5,10
518880,黄金,v8_prob_2state,2019-01-01,0.1646,0.0874,1.8844,-0.1288,1.2781,10,0.5,0.0,0.5,20
518880,黄金,v8_prob_3state,2019-01-01,0.1762,0.0932,1.8907,-0.1371,1.2852,10,0.5333333333333332,1.1102230246251565e-16,0.4667,0
518880,黄金,v8_prob_3state,2019-01-01,0.1762,0.0932,1.8907,-0.1371,1.2852,10,0.5333333333333332,1.1102230246251565e-16,0.4667,10
518880,黄金,v8_prob_3state,2019-01-01,0.1762,0.0932,1.8907,-0.1371,1.2852,10,0.5333333333333332,1.1102230246251565e-16,0.4667,20
518880,黄金,v8_uniform,2019-01-01,0.3458,0.1747,1.9791,-0.2489,1.3894,10,1.0,0.0,0.0,0
518880,黄金,v8_uniform,2019-01-01,0.3458,0.1747,1.9791,-0.2489,1.3894,10,1.0,0.0,0.0,10
518880,黄金,v8_uniform,2019-01-01,0.3458,0.1747,1.9791,-0.2489,1.3894,10,1.0,0.0,0.0,20
518880,黄金,v8_method_b,2020-01-01,0.4469,0.2049,2.1808,-0.2489,1.7953,6,1.0,0.0,0.0,0
518880,黄金,v8_method_b,2020-01-01,0.4469,0.2049,2.1808,-0.2489,1.7953,6,1.0,0.0,0.0,10
518880,黄金,v8_method_b,2020-01-01,0.4469,0.2049,2.1808,-0.2489,1.7953,6,1.0,0.0,0.0,20
518880,黄金,v8_prob_2state,2020-01-01,0.2094,0.1025,2.0434,-0.1288,1.6252,6,0.5,0.0,0.5,0
518880,黄金,v8_prob_2state,2020-01-01,0.2094,0.1025,2.0434,-0.1288,1.6252,6,0.5,0.0,0.5,10
518880,黄金,v8_prob_2state,2020-01-01,0.2094,0.1025,2.0434,-0.1288,1.6252,6,0.5,0.0,0.5,20
518880,黄金,v8_prob_3state,2020-01-01,0.2243,0.1093,2.0525,-0.1371,1.636,6,0.5333333333333332,1.1102230246251565e-16,0.4667,0
518880,黄金,v8_prob_3state,2020-01-01,0.2243,0.1093,2.0525,-0.1371,1.636,6,0.5333333333333332,1.1102230246251565e-16,0.4667,10
518880,黄金,v8_prob_3state,2020-01-01,0.2243,0.1093,2.0525,-0.1371,1.636,6,0.5333333333333332,1.1102230246251565e-16,0.4667,20
518880,黄金,v8_uniform,2020-01-01,0.4469,0.2049,2.1808,-0.2489,1.7953,6,1.0,0.0,0.0,0
518880,黄金,v8_uniform,2020-01-01,0.4469,0.2049,2.1808,-0.2489,1.7953,6,1.0,0.0,0.0,10
518880,黄金,v8_uniform,2020-01-01,0.4469,0.2049,2.1808,-0.2489,1.7953,6,1.0,0.0,0.0,20
159915,创业板,v8_method_b,2018-01-01,0.0559,0.3136,0.1781,-0.8622,0.0648,14,1.0,0.0,0.0,0
159915,创业板,v8_method_b,2018-01-01,0.0559,0.3136,0.1781,-0.8622,0.0648,14,1.0,0.0,0.0,10
159915,创业板,v8_method_b,2018-01-01,0.0559,0.3136,0.1781,-0.8622,0.0648,14,1.0,0.0,0.0,20
159915,创业板,v8_prob_2state,2018-01-01,0.0399,0.1568,0.2546,-0.6153,0.0649,14,0.5,0.0,0.5,0
159915,创业板,v8_prob_2state,2018-01-01,0.0399,0.1568,0.2546,-0.6153,0.0649,14,0.5,0.0,0.5,10
159915,创业板,v8_prob_2state,2018-01-01,0.0399,0.1568,0.2546,-0.6153,0.0649,14,0.5,0.0,0.5,20
159915,创业板,v8_prob_3state,2018-01-01,0.0417,0.1673,0.2496,-0.6399,0.0652,14,0.5333333333333332,1.1102230246251565e-16,0.4667,0
159915,创业板,v8_prob_3state,2018-01-01,0.0417,0.1673,0.2496,-0.6399,0.0652,14,0.5333333333333332,1.1102230246251565e-16,0.4667,10
159915,创业板,v8_prob_3state,2018-01-01,0.0417,0.1673,0.2496,-0.6399,0.0652,14,0.5333333333333332,1.1102230246251565e-16,0.4667,20
159915,创业板,v8_uniform,2018-01-01,0.0559,0.3136,0.1781,-0.8622,0.0648,14,1.0,0.0,0.0,0
159915,创业板,v8_uniform,2018-01-01,0.0559,0.3136,0.1781,-0.8622,0.0648,14,1.0,0.0,0.0,10
159915,创业板,v8_uniform,2018-01-01,0.0559,0.3136,0.1781,-0.8622,0.0648,14,1.0,0.0,0.0,20
159915,创业板,v8_method_b,2019-01-01,0.1591,0.3443,0.4622,-0.6799,0.2341,10,1.0,0.0,0.0,0
159915,创业板,v8_method_b,2019-01-01,0.1591,0.3443,0.4622,-0.6799,0.2341,10,1.0,0.0,0.0,10
159915,创业板,v8_method_b,2019-01-01,0.1591,0.3443,0.4622,-0.6799,0.2341,10,1.0,0.0,0.0,20
159915,创业板,v8_prob_2state,2019-01-01,0.0922,0.1721,0.5357,-0.4216,0.2187,10,0.5,0.0,0.5,0
159915,创业板,v8_prob_2state,2019-01-01,0.0922,0.1721,0.5357,-0.4216,0.2187,10,0.5,0.0,0.5,10
159915,创业板,v8_prob_2state,2019-01-01,0.0922,0.1721,0.5357,-0.4216,0.2187,10,0.5,0.0,0.5,20
159915,创业板,v8_prob_3state,2019-01-01,0.0975,0.1836,0.5312,-0.4431,0.2201,10,0.5333333333333332,1.1102230246251565e-16,0.4667,0
159915,创业板,v8_prob_3state,2019-01-01,0.0975,0.1836,0.5312,-0.4431,0.2201,10,0.5333333333333332,1.1102230246251565e-16,0.4667,10
159915,创业板,v8_prob_3state,2019-01-01,0.0975,0.1836,0.5312,-0.4431,0.2201,10,0.5333333333333332,1.1102230246251565e-16,0.4667,20
159915,创业板,v8_uniform,2019-01-01,0.1591,0.3443,0.4622,-0.6799,0.2341,10,1.0,0.0,0.0,0
159915,创业板,v8_uniform,2019-01-01,0.1591,0.3443,0.4622,-0.6799,0.2341,10,1.0,0.0,0.0,10
159915,创业板,v8_uniform,2019-01-01,0.1591,0.3443,0.4622,-0.6799,0.2341,10,1.0,0.0,0.0,20
159915,创业板,v8_method_b,2020-01-01,0.4839,0.3753,1.2895,-0.3372,1.4352,6,1.0,0.0,0.0,0
159915,创业板,v8_method_b,2020-01-01,0.4839,0.3753,1.2895,-0.3372,1.4352,6,1.0,0.0,0.0,10
159915,创业板,v8_method_b,2020-01-01,0.4839,0.3753,1.2895,-0.3372,1.4352,6,1.0,0.0,0.0,20
159915,创业板,v8_prob_2state,2020-01-01,0.2393,0.1876,1.2752,-0.1762,1.3584,6,0.5,0.0,0.5,0
159915,创业板,v8_prob_2state,2020-01-01,0.2393,0.1876,1.2752,-0.1762,1.3584,6,0.5,0.0,0.5,10
159915,创业板,v8_prob_2state,2020-01-01,0.2393,0.1876,1.2752,-0.1762,1.3584,6,0.5,0.0,0.5,20
159915,创业板,v8_prob_3state,2020-01-01,0.2556,0.2002,1.2769,-0.1874,1.3639,6,0.5333333333333332,1.1102230246251565e-16,0.4667,0
159915,创业板,v8_prob_3state,2020-01-01,0.2556,0.2002,1.2769,-0.1874,1.3639,6,0.5333333333333332,1.1102230246251565e-16,0.4667,10
159915,创业板,v8_prob_3state,2020-01-01,0.2556,0.2002,1.2769,-0.1874,1.3639,6,0.5333333333333332,1.1102230246251565e-16,0.4667,20
159915,创业板,v8_uniform,2020-01-01,0.4839,0.3753,1.2895,-0.3372,1.4352,6,1.0,0.0,0.0,0
159915,创业板,v8_uniform,2020-01-01,0.4839,0.3753,1.2895,-0.3372,1.4352,6,1.0,0.0,0.0,10
159915,创业板,v8_uniform,2020-01-01,0.4839,0.3753,1.2895,-0.3372,1.4352,6,1.0,0.0,0.0,20
512760,半导体,v8_method_b,2018-01-01,0.3998,0.3612,1.1069,-0.4223,0.9468,8,1.0,0.0,0.0,0
512760,半导体,v8_method_b,2018-01-01,0.3998,0.3612,1.1069,-0.4223,0.9468,8,1.0,0.0,0.0,10
512760,半导体,v8_method_b,2018-01-01,0.3998,0.3612,1.1069,-0.4223,0.9468,8,1.0,0.0,0.0,20
512760,半导体,v8_prob_2state,2018-01-01,0.2023,0.1806,1.1202,-0.2296,0.8813,8,0.5,0.0,0.5,0
512760,半导体,v8_prob_2state,2018-01-01,0.2023,0.1806,1.1202,-0.2296,0.8813,8,0.5,0.0,0.5,10
512760,半导体,v8_prob_2state,2018-01-01,0.2023,0.1806,1.1202,-0.2296,0.8813,8,0.5,0.0,0.5,20
512760,半导体,v8_prob_3state,2018-01-01,0.2158,0.1926,1.1201,-0.2436,0.8859,8,0.5333333333333332,1.1102230246251565e-16,0.4667,0
512760,半导体,v8_prob_3state,2018-01-01,0.2158,0.1926,1.1201,-0.2436,0.8859,8,0.5333333333333332,1.1102230246251565e-16,0.4667,10
512760,半导体,v8_prob_3state,2018-01-01,0.2158,0.1926,1.1201,-0.2436,0.8859,8,0.5333333333333332,1.1102230246251565e-16,0.4667,20
512760,半导体,v8_uniform,2018-01-01,0.3998,0.3612,1.1069,-0.4223,0.9468,8,1.0,0.0,0.0,0
512760,半导体,v8_uniform,2018-01-01,0.3998,0.3612,1.1069,-0.4223,0.9468,8,1.0,0.0,0.0,10
512760,半导体,v8_uniform,2018-01-01,0.3998,0.3612,1.1069,-0.4223,0.9468,8,1.0,0.0,0.0,20
512760,半导体,v8_method_b,2019-01-01,0.3998,0.3612,1.1069,-0.4223,0.9468,8,1.0,0.0,0.0,0
512760,半导体,v8_method_b,2019-01-01,0.3998,0.3612,1.1069,-0.4223,0.9468,8,1.0,0.0,0.0,10
512760,半导体,v8_method_b,2019-01-01,0.3998,0.3612,1.1069,-0.4223,0.9468,8,1.0,0.0,0.0,20
512760,半导体,v8_prob_2state,2019-01-01,0.2023,0.1806,1.1202,-0.2296,0.8813,8,0.5,0.0,0.5,0
512760,半导体,v8_prob_2state,2019-01-01,0.2023,0.1806,1.1202,-0.2296,0.8813,8,0.5,0.0,0.5,10
512760,半导体,v8_prob_2state,2019-01-01,0.2023,0.1806,1.1202,-0.2296,0.8813,8,0.5,0.0,0.5,20
512760,半导体,v8_prob_3state,2019-01-01,0.2158,0.1926,1.1201,-0.2436,0.8859,8,0.5333333333333332,1.1102230246251565e-16,0.4667,0
512760,半导体,v8_prob_3state,2019-01-01,0.2158,0.1926,1.1201,-0.2436,0.8859,8,0.5333333333333332,1.1102230246251565e-16,0.4667,10
512760,半导体,v8_prob_3state,2019-01-01,0.2158,0.1926,1.1201,-0.2436,0.8859,8,0.5333333333333332,1.1102230246251565e-16,0.4667,20
512760,半导体,v8_uniform,2019-01-01,0.3998,0.3612,1.1069,-0.4223,0.9468,8,1.0,0.0,0.0,0
512760,半导体,v8_uniform,2019-01-01,0.3998,0.3612,1.1069,-0.4223,0.9468,8,1.0,0.0,0.0,10
512760,半导体,v8_uniform,2019-01-01,0.3998,0.3612,1.1069,-0.4223,0.9468,8,1.0,0.0,0.0,20
512760,半导体,v8_method_b,2020-01-01,0.6412,0.3722,1.7225,-0.2387,2.6857,6,1.0,0.0,0.0,0
512760,半导体,v8_method_b,2020-01-01,0.6412,0.3722,1.7225,-0.2387,2.6857,6,1.0,0.0,0.0,10
512760,半导体,v8_method_b,2020-01-01,0.6412,0.3722,1.7225,-0.2387,2.6857,6,1.0,0.0,0.0,20
512760,半导体,v8_prob_2state,2020-01-01,0.3032,0.1861,1.6293,-0.1228,2.4701,6,0.5,0.0,0.5,0
512760,半导体,v8_prob_2state,2020-01-01,0.3032,0.1861,1.6293,-0.1228,2.4701,6,0.5,0.0,0.5,10
512760,半导体,v8_prob_2state,2020-01-01,0.3032,0.1861,1.6293,-0.1228,2.4701,6,0.5,0.0,0.5,20
512760,半导体,v8_prob_3state,2020-01-01,0.3248,0.1985,1.6362,-0.1307,2.4849,6,0.5333333333333332,1.1102230246251565e-16,0.4667,0
512760,半导体,v8_prob_3state,2020-01-01,0.3248,0.1985,1.6362,-0.1307,2.4849,6,0.5333333333333332,1.1102230246251565e-16,0.4667,10
512760,半导体,v8_prob_3state,2020-01-01,0.3248,0.1985,1.6362,-0.1307,2.4849,6,0.5333333333333332,1.1102230246251565e-16,0.4667,20
512760,半导体,v8_uniform,2020-01-01,0.6412,0.3722,1.7225,-0.2387,2.6857,6,1.0,0.0,0.0,0
512760,半导体,v8_uniform,2020-01-01,0.6412,0.3722,1.7225,-0.2387,2.6857,6,1.0,0.0,0.0,10
512760,半导体,v8_uniform,2020-01-01,0.6412,0.3722,1.7225,-0.2387,2.6857,6,1.0,0.0,0.0,20
